RecordNo,AgentUserName,LtCallST,CallDurM,LtCallR,CENSUS,FIPS,ZIP,ZipCode, Filling,Extraction,Cleaning,Crown or Bridge,Root Canal,Implant,Other,Annual/regular check-up,Immunizations,Family planning/pregnancy,"General illness (cold, flu, etc.)",Emergency care/injury,Treatment of a chronic condition,Mental health care,Other,Q15,Gender
48,Kiara,17:35:00,17,CO,51810044808,"51,810.00",23464,23455, , , , , , , ,Yes, , , , , , , ,140,Male
51,Jennifer,17:40:00,15,CO,51800075100,"51,740.00",23703,23435, ,,Yes, , , , ,Yes,Yes, , , , , , ,27,Male
72,Kendal,19:23:00,14,CO,51550021008,"51,550.00",23322,23322, ,,Yes, , , , ,Yes,, , , , , ,pain management,5,Female
92,Darien,19:13:00,16,CO,51740211100,"51,740.00",23707,23702, ,Yes, , , , , ,Yes, , , , , , , ,15,Female
95,Haley,16:37:00,18,CO,51710003501,"51,710.00",23504,23510, ,,Yes, , , , ,Yes, , , , ,Yes, , ,5,Male
131,Darien,20:19:00,14,CO,51710000600,"51,710.00",23503,23518, ,,Yes, , , , ,Yes, , , ,Yes, , , ,25,Female
141,Caleb,16:31:00,15,CO,51700032222,"51,700.00",23608,23608, , , , , , , ,Yes, , , , , , , ,40,Female
146,Kendal,17:13:00,16,CO,51710004500,"51,710.00",23504,23510, ,,Yes, , , , ,Yes, , , , , , , ,0,Female
147,Geoff,17:57:00,15,CO,51700031900,"51,700.00",23606,23606, ,,Yes, , , , , , , ,Yes, , , , ,20,Female
162,Tyler,16:51:00,16,CO,51710007001,"51,810.00",23464,23505, , ,Yes, ,Yes, , , , , ,Yes, , , , ,30,Female
183,Kendal,18:00:00,19,CO,51810043001,"51,810.00",23454,23451, ,,Yes, , , , ,Yes, , , , , , , ,0,Female
192,Haley,16:56:00,11,CO,51810044808,"51,810.00",23464,23452, ,,Yes, , , , , , , ,Yes, , , , ,15,Female
194,Maryanne,17:41:00,14,CO,51810043001,"51,810.00",23454,23464, ,,Yes, , , , ,Yes,Yes,Yes,Yes, ,Yes, , ,11,Female
195,Jerrica,16:57:00,27,CO,51800075400,"51,800.00",23434,23434, , , , , , , ,Yes, , , , ,Yes, , ,,Female
197,Tyler,16:38:00,15,CO,51710004200,"51,740.00",23323,23707, ,Yes, , , , , , , , , , , , , ,10,Female
198,Geoff,16:58:00,15,CO,51810045418,"51,810.00",23454,23454, ,,Yes, , , , ,Yes,Yes, , , ,Yes, , ,0,Female
203,Sema'J,16:59:00,20,CO,51650010103,"51,650.00",23669,23663, ,,Yes, , , , ,Yes, , ,Yes, ,Yes, , ,15,Male
222,Hilary,17:56:00,17,CO,51810042801,"51,810.00",23452,23452, , , , , , , ,, , , , , , ,Cataract surgery,0,Male
231,Kendal,17:06:00,22,CO,51800075100,"51,740.00",23703,23435, ,,Yes, , , , ,Yes, , , , , , , ,20,Female
234,Caleb,18:00:00,15,CO,51710007001,"51,810.00",23464,23454, ,,Yes, , , , , , , ,Yes, , , , ,15,Female
261,Julian,17:20:00,17,CO,51810046009,"51,810.00",23462,23455, , , , , , , , , , , , ,Yes, , ,0,Female
268,Brandie,17:44:00,15,CO,51550020801,"51,810.00",23464,23464, , ,Yes,Yes, , , , , , , , ,Yes, , ,25,Male
281,Hilary,17:16:00,15,CO,51550021402,"51,550.00",23323,23323, ,,Yes, , , , ,Yes,Yes, , , , , , ,15,Male
288,Kiara,18:00:00,15,CO,51810041200,"51,810.00",23455,23455,Yes, ,Yes, , , , ,Yes, , , , ,Yes, , ,20,Female
315,Julian,17:49:00,17,CO,51550021007,"51,550.00",23320,23320, ,,Yes, , , , ,Yes, , , , , , , ,20,Female
335,Jerrica,17:26:00,21,CO,51810046009,"51,810.00",23462,23462, ,,Yes, , , , ,, , , , , , ,orthopedic doctor,15,Male
345,Haley,12:09:00,13,CO,51710000600,"51,710.00",23503,23503, ,,Yes, , , , ,Yes, , , , , , , ,5,Female
356,Darien,17:55:00,15,CO,51550020801,"51,810.00",23464,23320, ,,Yes, , , , ,Yes,Yes, , , , , , ,0,Female
357,Julian,17:30:00,16,CO,51650010103,"51,650.00",23669,23664, ,,Yes, , , , ,Yes, , , ,Yes, , , ,40,Male
359,Tyler,17:30:00,22,CO,51810045406,"51,810.00",23453,23452, , , , , , , , , ,Yes, , , , , ,0,Female
363,Latasha,18:55:00,24,CO,51550021601,"51,740.00",23703,23321, ,,Yes, , , , ,Yes, , , , ,Yes, , ,0,Female
380,Haley,18:53:00,9,CO,51800075800,"51,800.00",23437,23437, ,Yes, , , , , ,Yes, , , , , , , ,5,Female
386,Kendal,17:37:00,22,CO,51710004200,"51,810.00",23464,23454, ,Yes, , , , , , , , , , ,Yes, , ,0,Male
388,Latasha,14:39:00,23,CO,51710004200,"51,810.00",23464,23464, ,,Yes, , , , , , ,, , ,Yes,Yes,Physical therapy,0,Female
397,Hilary,17:41:00,32,CO,51550020805,"51,550.00",23320,23322, ,,Yes, , , , ,Yes,Yes, , , , , , ,10,Male
399,Sema'J,17:42:00,19,CO,51550021601,"51,740.00",23703,23435, ,,Yes, , , , ,Yes,Yes, , , ,Yes, , ,,Female
435,Jerrica,17:53:00,22,CO,51710001500,"51,710.00",23505,23505, ,,Yes, , , , , , , , , ,Yes, , ,0,Female
441,Darien,18:19:00,21,CO,51810046211,"51,810.00",23464,23464, , , , , , , ,Yes, , , , ,Yes, , ,15,Female
453,Julian,20:07:00,15,CO,51650010400,"51,650.00",23666,23601, ,, ,Yes, , , , , , , , , , , ,30,Male
462,Haley,17:57:00,12,CO,51800075500,"51,800.00",23435,23435, ,,Yes, , , , ,Yes, , , , ,Yes, , ,60,Female
472,Tyler,17:59:00,17,CO,51800075100,"51,740.00",23703,23703, ,,Yes, , , , ,Yes, , , , ,Yes, , ,15,Female
485,Darien,18:52:00,20,CO,51550020805,"51,550.00",23320,23320, ,,Yes, , , , ,Yes, , , , , , , ,0,Female
490,Kiara,16:58:00,13,CO,51710007001,"51,650.00",23666,23666, , , , , , , , , , , ,Yes, , , ,30,Female
496,Kendal,18:06:00,16,CO,51650010308,"51,650.00",23666,23666, ,,Yes, , , , ,Yes, , , , , , , ,20,Female
505,Julian,18:09:00,26,CO,51710004200,"51,810.00",23464,23464, ,,Yes, , , , ,Yes, , , , , , , ,15,Female
507,Kiara,19:50:00,14,CO,51550021008,"51,550.00",23322,23322, , , , , , , ,Yes, , , , , , , ,10,Male
510,Geoff,16:57:00,30,CO,51710000600,"51,710.00",23503,23455, ,Yes,Yes,Yes, , , ,Yes,Yes, , , , , , ,20,Male
530,Haley,18:15:00,12,CO,51800075400,"51,800.00",23434,23434, ,,Yes, , , , ,Yes, ,Yes, , , , , ,20,Female
536,Sarah,18:13:00,18,CO,51810042801,"51,810.00",23452,23452, ,,Yes, , , , ,Yes,Yes, ,Yes,Yes,Yes, , ,0,Female
554,Hilary,18:19:00,14,CO,51700032222,"51,700.00",23608,23692, ,,Yes, , , , ,Yes, , , , , , , ,15,Male
560,Keyona,18:40:00,19,CO,51810046009,"51,810.00",23462,23462, ,,Yes, , , ,periodenal work,Yes,Yes, , , , , , ,20,Female
567,Latasha,19:47:00,14,CO,51550021200,"51,550.00",23322,23322, ,,Yes, , , , ,Yes,Yes, , , , , , ,0,Female
579,Sema'J,18:23:00,22,CO,51710003501,"51,710.00",23504,23510, , , , , , , ,Yes, , , , , , , ,25,Female
581,Sarah,11:05:00,21,CO,51710007001,"51,810.00",23464,23517, , , , , , , ,Yes, , , , ,Yes, , ,10,Male
584,Darien,17:02:00,18,CO,51810046214,"51,810.00",23464,23456, , , , , , , ,Yes, , , , ,Yes, , ,20,Female
609,Tyler,18:53:00,13,CO,51710007001,"51,700.00",23608,23608, , , , , , , ,Yes,Yes, ,Yes,Yes,Yes, ,hip replacement,30,Female
628,Tyler,18:18:00,15,CO,51550021302,"51,550.00",23323,23233,Yes, ,Yes, , , , , , , ,Yes, , , , ,12,Female
635,Kendal,19:02:00,15,CO,51810045420,"51,810.00",23456,23454, ,,Yes, , , , ,Yes, ,Yes, , , , , ,15,Female
655,Caleb,18:12:00,13,CO,51550020801,"51,810.00",23464,23325, ,,Yes, , , , ,Yes, , , , , , , ,10,Male
656,Kendal,19:28:00,14,CO,51710005902,"51,710.00",23513,23510, ,,Yes, , , , , , , , , , , , ,15,Male
681,Tyler,19:55:00,16,CO,51800075500,"51,800.00",23435,23435, ,Yes, , , , , ,Yes,, , , , , ,surgery,25,Female
699,Sarah,11:44:00,23,CO,51810042801,"51,810.00",23452,23452, ,,Yes, , , , , , , ,Yes, , , , ,20,Male
740,Sarah,20:06:00,14,CO,51700032221,"51,700.00",23608,23185, , , , , , , , , , , ,Yes, , , ,30,Female
765,Kendal,17:46:00,18,CO,51700030300,"51,700.00",23607,23661,Yes, ,Yes, , , , ,Yes, , , ,Yes,Yes, , ,30,Female
770,Sema'J,19:22:00,20,CO,51800075100,"51,800.00",23435,23435,Yes, ,Yes, , , , ,Yes,Yes,Yes,Yes,Yes, , , ,30,Female
794,Kendal,16:37:00,12,CO,51650010103,"51,650.00",23669,23669, ,Yes, , , , , , , , , , ,Yes, , ,15,Male
801,Tyler,19:28:00,20,CO,51810045410,"51,810.00",23456,23456, , , , , , , , , , , ,Yes, , , ,20,Male
806,Darien,20:02:00,16,CO,51710004200,"51,810.00",23464,23320, ,,Yes, , , , , , , , , , , , ,30,Female
811,Haley,19:31:00,16,CO,51650010103,"51,650.00",23669,23669, ,,Yes, , , , ,Yes, , , , , , , ,0,Female
813,Katherine,19:31:00,14,CO,51740212800,"51,550.00",23321,23321, ,,Yes, , , , ,Yes, , , , , , , ,0,Male
814,Sarah,17:59:00,14,CO,51550021008,"51,550.00",23322,23322, , , , , , , , , , ,Yes, , , , ,0,Female
818,Darien,19:37:00,16,CO,51710007001,"51,550.00",23320,23322, ,,Yes, , , , ,Yes, , , , , , , ,50,Female
832,Kiara,19:37:00,12,CO,51710007001,"51,810.00",23456,23454, ,,Yes, , , ,xrays,Yes,, , , , , ,blood work,15,Female
843,Julian,19:00:00,40,CO,51650010305,"51,650.00",23666,23666, ,,Yes, , , , , , , ,Yes,Yes,Yes, , ,45,Female
861,Julian,19:46:00,17,CO,51550021302,"51,550.00",23323,23323, ,,Yes, , , , ,Yes, , , , , , , ,20,Female
869,Kendal,19:48:00,15,CO,51550021402,"51,550.00",23323,23701, ,Yes, , , , , , , , , ,Yes, , , ,20,Female
880,Latasha,17:10:00,21,CO,51710007002,"51,710.00",23502,23502, ,,Yes, , , , ,Yes,, , , , , ,Mamogram and ultrasound,0,Female
899,Haley,11:07:00,13,CO,51710007001,"51,650.00",23666,23666, ,,Yes, , , , ,Yes,, , , , , ,colonoscopy,0,Female
909,Sarah,19:31:00,19,CO,51710007001,"51,810.00",23456,23456, ,Yes,Yes,Yes, , ,gum check,Yes, , , , , , , ,0,Male
924,Julian,19:57:00,17,CO,51800075100,"51,800.00",23435,23703, ,Yes,Yes, , , , ,Yes, , ,Yes, , , , ,45,Male
932,Tyler,17:36:00,15,CO,51710004200,"51,740.00",23323,23704, ,,Yes, , , , ,Yes,, , , , , ,podiatry,20,Female
937,Jerrica,17:02:00,17,CO,51810044808,"51,810.00",23464,23464, , , , , , , ,Yes, , , , ,Yes, , ,20,Female
939,Sema'J,20:01:00,20,CO,51710004200,"51,550.00",23322,23322, ,,Yes, , , , ,Yes,Yes, , , , , , ,30,Female
946,Haley,20:03:00,13,CO,51710007001,"51,700.00",23601,23606, , , , , , , ,Yes, , , , ,Yes, , ,10,Female
961,Kiara,19:37:00,14,CO,51810044808,"51,810.00",23464,23504, ,,Yes, , , , ,Yes, , , , , , , ,25,Male
965,Kiara,19:45:00,15,CO,51550021200,"51,550.00",23322,23322, ,,Yes, , , , ,, , , , , , ,sinus infection,45,Female
967,Kendal,20:07:00,12,CO,51800075100,"51,740.00",23703,23703, ,,Yes, , , , ,Yes, , , , , , , ,0,Male
981,Tyler,20:14:00,22,CO,51550020805,"51,550.00",23322,23322, , , , , , , , , , , , ,Yes, , ,15,Male
984,Kiara,20:16:00,12,CO,51700031900,"51,700.00",23606,23606, , , , , , , , , , , , , , , ,100,Female
"1,004",Haley,20:26:00,12,CO,51550020805,"51,550.00",23320,23322, ,,Yes, , , , , , , , , , , , ,10,Female
"1,006",Latasha,16:59:00,18,CO,51810046009,"51,810.00",23462,23462, ,Yes, , , , , ,Yes, , , , ,Yes, , ,4,Female
"1,020",Jerrica,18:35:00,20,CO,51800075400,"51,800.00",23434,23434,Yes, ,Yes, , , , ,, , , , , , ,Ongoing evaluation for diabetes,3,Female
"1,026",Kendal,16:45:00,15,CO,51550020805,"51,550.00",23322,23322,Yes, ,Yes, , , , , , , , ,Yes, , , ,0,Female
"1,033",Katherine,14:40:00,13,CO,51810041200,"51,810.00",23455,23451, ,,Yes, , , , ,Yes, , , , ,Yes, , ,10,Female
"1,035",Kendal,17:45:00,16,CO,51810043001,"51,810.00",23454,23454, , ,Yes, ,Yes, , , , , , , , , , ,22,Male
"1,041",Katherine,17:07:00,16,CO,51650010800,"51,650.00",23669,23663, ,,Yes, , , , ,Yes, , , , , , , ,10,Male
"1,065",Kendal,20:12:00,13,CO,51700032222,"51,700.00",23608,23602,Yes, ,Yes, , , , , , , , , , , , ,15,Female
"1,089",Julian,19:41:00,15,CO,51710007001,"51,810.00",23456,23453, , , , , , , ,Yes, , , , , , , ,0,Male
"1,098",Sarah,14:49:00,10,CO,51550020805,"51,550.00",23322,23320, ,,Yes, , , , ,Yes,, , ,Yes,Yes, ,Total knee replacement and rehab for that as well. and authritis,0,Female
"1,100",Latasha,19:24:00,5,CO,51810046006,"51,810.00",23464,23464, , , , , , , , , , , , , , , ,30,Male
"1,155",Geoff,20:00:00,15,CO,51810041400,"51,810.00",23455,23455, ,,Yes, , , , ,Yes, , , , , , , ,12,Male
"1,164",Sarah,14:16:00,17,CO,51810042801,"51,810.00",23452,23452, ,,Yes, , , , ,Yes, , , , ,Yes, , ,0,Female
"1,165",Keyona,20:23:00,17,CO,51550021501,"51,550.00",23321,23701,Yes, ,Yes, , , , , , , , , , , , ,10,Female
"1,179",Latasha,13:41:00,14,CO,51710001500,"51,710.00",23505,23505, ,,Yes, , , , ,Yes, , , , , , , ,10,Female
"1,192",Latasha,16:37:00,18,CO,51650010304,"51,650.00",23693,23665, ,,Yes, , , ,Gum specialist because of having problems for pregnancy,Yes,Yes,Yes,Yes,Yes,Yes, , ,45,Female
"1,203",Caleb,16:59:00,14,CO,51710007001,"51,650.00",23666,23669, ,,Yes, , , , ,Yes, , , , , , , ,0,Female
"1,213",Haley,20:11:00,19,CO,51710000600,"51,710.00",23503,23503,Yes, ,Yes, , , , ,Yes,Yes, ,,Yes, , ,physical therapy,30,Male
"1,223",Tyler,16:43:00,11,CO,51710007001,"51,810.00",23464,23462, ,,Yes, , , , , , , ,Yes, , , , ,25,Female
"1,231",Tyler,19:46:00,14,CO,51700032222,"51,700.00",23602,23602, , ,Yes, ,Yes, , ,Yes, , , , ,Yes, , ,15,Female
"1,235",Tyler,17:17:00,20,CO,51710007001,"51,810.00",23464,23503, , , , , , , , , , , ,Yes, , , ,10,Male
"1,254",Kiara,20:04:00,12,CO,51550021007,"51,550.00",23320,23322,, ,Yes, , , ,regular check up, , , ,Yes, , , , ,45,Female
"1,261",Julian,20:12:00,20,CO,51650010800,"51,650.00",23669,23663, ,,Yes, , , , , , , ,Yes,Yes, , , ,5,Female
"1,263",Tyler,20:13:00,16,CO,51700031900,"51,700.00",23602,23602, ,,Yes, , , , ,Yes, , , , , , , ,10,Female
"1,275",Darien,16:50:00,19,CO,51710000600,"51,710.00",23503,23503, ,,Yes, , , , , , , , , , , , ,20,Male
"1,278",Haley,11:41:00,13,CO,51700032300,"51,650.00",23666,23663, , , , , , , ,Yes,Yes,Yes,Yes,Yes,Yes,Yes, ,10,Female
"1,282",Darien,19:48:00,18,CO,51710004200,"51,810.00",23464,23504, ,Yes,Yes, , , , ,Yes, , , , , , , ,0,Female
"1,290",Caleb,17:09:00,15,CO,51810041400,"51,810.00",23455,23455, , , , , , , ,Yes,Yes, ,Yes, , , , ,0,Female
"1,327",Latasha,17:47:00,19,CO,51710007001,"51,810.00",23464,23464, ,,Yes, , , , , ,Yes, ,Yes, , , , ,15,Male
"1,338",Latasha,18:07:00,20,CO,51810043001,"51,810.00",23454,23454,Yes, ,Yes, , , , ,Yes,Yes, , ,Yes,Yes, , ,0,Male
"1,346",Katherine,12:08:00,13,CO,51810043001,"51,810.00",23454,23454, , ,Yes,Yes, , , ,Yes, , ,Yes,Yes, , ,Optometry,0,Female
"1,372",Latasha,17:20:00,19,CO,51700030300,"51,700.00",23607,23607, ,Yes, , , , , , , , , , , , , ,120,Female
"1,375",Katherine,17:38:00,16,CO,51550021601,"51,740.00",23703,23703, , , , , , , ,Yes,Yes,, , , , ,arthritis - physical therapy,0,Male
"1,401",Kiara,17:16:00,12,CO,51800075100,"51,740.00",23703,23703,Yes, ,Yes, , , , ,Yes, , , , ,Yes, , ,20,Female
"1,449",Maryanne,16:30:00,17,CO,51700032114,"51,700.00",23602,23606, , , , , , , ,Yes,Yes, ,Yes,Yes,Yes,Yes, ,20,Female
"1,453",Kiara,19:36:00,16,CO,51740212800,"51,550.00",23321,23321, ,,Yes, , , , , , , ,Yes, , , , ,0,Male
"1,454",Kiara,20:23:00,12,CO,51710007001,"51,810.00",23464,23502, , , , , , , ,, , , , , , ,dermatologist,0,Male
"1,455",Haley,13:16:00,17,CO,51800075100,"51,800.00",23435,23435, ,,Yes, , , , ,Yes, , , , , , , ,40,Female
"1,467",Jerrica,17:31:00,17,CO,51550020801,"51,810.00",23464,23320, ,Yes,Yes, , , , , , , , ,Yes, , , ,22,Female
"1,483",Keyona,17:55:00,16,CO,51810042801,"51,810.00",23452,23452,Yes, ,Yes,Yes, , , ,Yes, , ,Yes, ,Yes, ,other chronic conditions,0,Female
"1,488",Katherine,11:01:00,26,CO,51550020801,"51,810.00",23464,23462, ,,Yes, , , , ,Yes,Yes, ,Yes, , , , ,0,Female
"1,495",Geoff,20:01:00,14,CO,51650010800,"51,650.00",23669,23661, , , , , , , , , , , , , , , ,30,Female
"1,502",Jerrica,20:03:00,30,CO,51810046214,"51,810.00",23464,23464, ,,Yes, , , , ,Yes, , , , , , , ,45,Female
"1,513",Julian,20:12:00,16,CO,51710007001,"51,810.00",23464,23518, , , , , , , , , , , , ,Yes, , ,0,Male
"1,518",Haley,13:47:00,18,CO,51650010400,"51,650.00",23666,23666, ,,Yes, , , , ,Yes, , , , , , , ,90,Female
"1,529",Darien,19:24:00,20,CO,51810045410,"51,810.00",23456,23456, ,,Yes, , , , ,, , , , , , ,Worker injury hurt knee at work,20,Male
"1,544",Brandie,16:44:00,18,CO,51550020805,"51,550.00",23322,23320, , ,Yes,Yes, , , ,Yes, , , , , , , ,0,Female
"1,556",Darien,16:51:00,15,CO,51700032125,"51,700.00",23602,23608, ,,Yes, , , , ,Yes, , , , , , , ,20,Female
"1,575",Hilary,17:12:00,14,CO,51810043800,"51,810.00",23451,23454, ,,Yes, , , , ,Yes, , , , , , , ,0,Female
"1,586",Katherine,17:54:00,15,CO,51650010800,"51,650.00",23669,23664, ,Yes,Yes, , , , , , , ,Yes,Yes, , , ,45,Female
"1,624",Terrell,11:30:00,14,CO,51650010800,"51,650.00",23669,23663, ,,Yes, , , , ,Yes, , , , , , , ,60,Female
"1,630",Geoff,17:49:00,18,CO,51700032125,"51,700.00",23602,23608, , ,Yes,Yes, , , ,Yes, , , , ,Yes, , ,0,Female
"1,646",Hilary,17:18:00,17,CO,51810046400,"51,810.00",23456,23454,Yes,Yes, , , , , ,Yes,, , , , , ,Endocrinoligist,0,Female
"1,653",Brandie,18:20:00,15,CO,51700032300,"51,700.00",23608,23692, ,,Yes, , , , , , , , , ,Yes, , ,50,Female
"1,656",Geoff,18:50:00,14,CO,51550021200,"51,550.00",23322,23322, ,,Yes, , , , ,Yes, , , , , , , ,30,Female
"1,664",Kiara,18:52:00,14,CO,51550020805,"51,550.00",23322,23320, ,,Yes, , , , , , ,Yes, , , , , ,0,Female
"1,669",Kendal,19:28:00,26,CO,51710001500,"51,710.00",23505,23508, , , , , , , ,Yes, , , , , , , ,20,Male
"1,685",Sarah,12:26:00,28,CO,51710000600,"51,710.00",23503,23518, , , , , , , , , , , , , , , ,10,Male
"1,687",Kiara,16:57:00,13,CO,51710007001,"51,810.00",23464,23455, ,,Yes, , , , , , , ,Yes, , , , ,15,Female
"1,688",Sarah,13:16:00,17,CO,51550021200,"51,550.00",23322,23322,Yes, ,Yes, , , , ,Yes,Yes, , , ,Yes, , ,0,Male
"1,707",Katherine,19:11:00,16,CO,51800075300,"51,810.00",23462,23451, ,,Yes, , , , ,Yes,Yes,Yes,Yes,Yes, , , ,10,Female
"1,719",Kendal,19:52:00,15,CO,51710004200,"51,810.00",23464,23454, ,,Yes, , , , ,Yes, , , , , , , ,5,Female
"1,771",Geoff,17:11:00,16,CO,51550021601,"51,740.00",23703,23435, ,,Yes, , , , ,Yes, , , , , , , ,20,Female
"1,792",Kendal,17:42:00,16,CO,51810046008,"51,810.00",23456,23456, ,,Yes, , , , ,Yes, , , , , , , ,50,Male
"1,793",Geoff,17:42:00,18,CO,51550021601,"51,740.00",23703,23703, ,,Yes, , , , ,Yes, , , , , , , ,21,Female
"1,797",Darien,18:53:00,13,CO,51810046008,"51,810.00",23456,23453, ,,Yes, , , , , , , , , ,Yes, , ,30,Female
"1,810",Kendal,18:04:00,15,CO,51710004200,"51,740.00",23323,23321, , , , , , , , , , , , , , , ,15,Female
"1,819",Jerrica,17:59:00,3,CO,51710007001,"51,740.00",23323,23323, ,,Yes, , , ,X Rays, , , ,Yes, , , , ,25,Female
"1,824",Caleb,18:21:00,14,CO,51710007001,"51,740.00",23323,23701, ,,Yes, , , , ,Yes, , , , , , , ,30,Female
"1,840",Kiara,19:04:00,16,CO,51700030300,"51,700.00",23607,23607,Yes, ,Yes, , , , ,Yes, ,Yes, , , , , ,90,Female
"1,844",Darien,17:04:00,41,CO,51550021200,"51,550.00",23322,23322, , , , , , , ,Yes, , , , , , , ,0,Female
"1,849",Kiara,17:56:00,16,CO,51550020801,"51,810.00",23464,23502, , , , , , , , , , , , , , , ,0,Male
"1,858",Kendal,17:41:00,17,CO,51810046006,"51,810.00",23464,23464, , , , , , , , , , , ,Yes,Yes, , ,0,Female
"1,870",Kendal,17:17:00,13,CO,51800075100,"51,800.00",23435,23435, ,,Yes, , , , ,Yes, , , , , , , ,20,Female
"1,889",Katherine,19:08:00,20,CO,51800075100,"51,740.00",23703,23703,Yes, ,Yes, , , , ,Yes,Yes, , ,Yes,Yes, , ,45,Female
"1,890",Keyona,17:15:00,16,CO,51550021008,"51,550.00",23322,23322, ,,Yes, , , ,x-ray, ,, , , ,Yes, ,physical therapy arithritis,0,Female
"1,891",Haley,11:26:00,13,CO,51700032222,"51,700.00",23602,23602, ,,Yes, , , , ,Yes, , , , , , , ,0,Male
"1,898",Terrell,12:00:00,18,CO,51550020805,"51,550.00",23322,23320, ,,Yes, , , , ,Yes, , , , , , , ,50,Female
"1,972",Kiara,16:34:00,18,CO,51710007001,"51,810.00",23464,23464, , , , , , , , , , , , , , , ,35,Female
"1,985",Sarah,16:36:00,15,CO,51810043001,"51,810.00",23454,23454, ,,Yes, , , , , , , , , , , , ,0,Male
"1,988",Darien,19:14:00,18,CO,51800075100,"51,740.00",23703,23321, ,,Yes, , , , , , , , ,Yes, , , ,35,Female
"2,001",Jerrica,18:13:00,17,CO,51810042801,"51,810.00",23452,23452, ,,Yes, , , , ,Yes, , , , , , , ,10,Female
"2,002",Katherine,12:39:00,16,CO,51700032125,"51,700.00",23602,23602,Yes, ,Yes, , , , ,Yes,Yes, ,Yes, , , , ,15,Female
"2,033",Darien,17:10:00,20,CO,51710005902,"51,710.00",23513,23513, ,,Yes, , , , ,, , , , , , ,Ct scan of stomach,0,Female
"2,035",Tyler,19:12:00,16,CO,51710002400,"51,710.00",23505,23505,Yes, ,Yes, , , , ,Yes,, , , , , ,cancer treatment,0,Female
"2,046",Gabriel,16:34:00,22,CO,51710000600,"51,710.00",23503,23518, ,,Yes, , , , ,Yes, , ,Yes, , , , ,0,Male
"2,050",Katherine,11:07:00,16,CO,51740212800,"51,550.00",23321,23321, , ,Yes,Yes,Yes, , ,Yes,Yes, ,Yes, , , , ,0,Female
"2,055",Caleb,17:14:00,16,CO,51710000600,"51,710.00",23503,23505, ,,Yes, , , , ,Yes, , ,Yes, , , , ,10,Female
"2,068",Darien,16:55:00,28,CO,51650010800,"51,650.00",23669,23669, ,,Yes, , , , ,Yes, ,, , ,Yes, ,Heart Back due to number of surgeries,0,Female
"2,079",Keyona,18:16:00,20,CO,51550021501,"51,550.00",23321,23321, ,,Yes, , , , ,, , , , , , ,thumb issue,10,Female
"2,090",Katherine,14:44:00,14,CO,51810042801,"51,810.00",23452,23452, ,,Yes, , , , ,Yes,Yes, , , ,Yes, , ,20,Female
"2,100",Jerrica,18:08:00,15,CO,51800075400,"51,800.00",23434,23434, ,,Yes, , , , ,Yes, , , , , , , ,35,Female
"2,113",Sarah,17:35:00,15,CO,51710004200,"51,740.00",23323,23321, ,,Yes, , , , ,Yes, , , , , , , ,20,Female
"2,128",Kendal,18:13:00,16,CO,51710000600,"51,710.00",23503,23503, , , , , ,Yes, , , , , ,Yes, , , ,0,Female
"2,138",Tyler,18:21:00,14,CO,51710001500,"51,710.00",23505,23505,Yes, ,Yes, , , , ,Yes, , , ,Yes, , , ,0,Male
"2,142",Gabriel,13:56:00,26,CO,51700031601,"51,700.00",23601,23661, ,,Yes, , , , ,Yes, , ,Yes, , , , ,20,Female
"2,144",Gabriel,16:55:00,17,CO,51810045410,"51,810.00",23456,23454, ,,Yes, , , , , , , ,Yes, ,Yes, , ,40,Male
"2,163",Kendal,19:03:00,12,CO,51710007001,"51,810.00",23464,23507, ,,Yes, , , , , , , , ,Yes, , , ,5,Female
"2,184",Tyler,19:23:00,14,CO,51710007001,"51,810.00",23456,23454, ,,Yes, , , , ,Yes, , , , , , , ,0,Female
"2,190",Keyona,17:33:00,19,CO,51810044808,"51,810.00",23464,23507,Yes, ,Yes, , , , ,Yes, , ,Yes, ,Yes, , ,0,Female
"2,192",Kendal,19:37:00,11,CO,51810042801,"51,810.00",23452,23452, ,,Yes, , , , ,Yes, , , , , , , ,0,Male
"2,202",Kendal,17:49:00,16,CO,51810045420,"51,810.00",23456,23454, ,,Yes, , , , ,Yes, , , , , , , ,20,Male
"2,208",Darien,19:49:00,19,CO,51710000600,"51,710.00",23503,23508, , ,Yes, , ,Yes, ,Yes, , , , , , , ,15,Male
"2,213",Kiara,19:53:00,14,CO,51710007001,"51,740.00",23323,23704, , , , , , , ,Yes,Yes, ,Yes,Yes,Yes,Yes, ,0,Female
"2,217",Katherine,19:00:00,14,CO,51710007001,"51,650.00",23666,23661, , , , , , , ,Yes,Yes, , , ,Yes, , ,0,Male
"2,228",Kendal,20:15:00,14,CO,51550020805,"51,550.00",23320,23322, ,,Yes,Yes, , , , , , , ,Yes, , , ,0,Female
"2,239",Kiara,17:19:00,14,CO,51800075100,"51,740.00",23703,23703, ,,Yes, ,Yes, , ,Yes, , , , , , , ,3,Female
"2,249",Katherine,13:28:00,8,CO,51810041802,"51,810.00",23455,23455, ,,Yes, , , , ,Yes, , ,Yes, , , , ,15,Male
"2,256",Latasha,16:37:00,14,CO,51710007001,"51,740.00",23323,23702, ,,Yes, , , , ,, , , , , ,Yes,"Knee-replacement,Yes",0,Male
"2,264",Jerrica,19:16:00,14,CO,51710003501,"51,710.00",23504,23504, , , ,Yes, ,Yes, ,Yes, , ,Yes, ,Yes, , ,30,Female
"2,276",Kendal,18:15:00,15,CO,51550020805,"51,550.00",23322,23320,Yes, ,Yes, , , , ,Yes, , , , , , , ,35,Female
"2,278",Kendal,16:44:00,12,CO,51740212800,"51,550.00",23321,23321, ,,Yes, , , , ,Yes, , , , , , , ,30,Male
"2,283",Keyona,14:24:00,13,CO,51810042801,"51,810.00",23452,23452,Yes, ,Yes, , , , ,Yes, , , , , , , ,0,Female
"2,298",Darien,19:00:00,14,CO,51800075100,"51,800.00",23435,23435, ,,Yes, , , , ,Yes, , , , , , , ,10,Female
"2,305",Latasha,18:52:00,15,CO,51810045406,"51,810.00",23453,23452, , , , , , , ,Yes, , , , ,Yes, , ,0,Female
"2,307",Keyona,16:43:00,19,CO,51700031601,"51,700.00",23601,23601, , ,Yes,Yes, , , , , , , , ,Yes, , ,0,Female
"2,326",Latasha,19:10:00,17,CO,51710004200,"51,810.00",23464,23320, , , , ,Yes, , , , , , , , , , ,35,Male
"2,329",Sema'J,16:34:00,17,CO,51800075300,"51,810.00",23462,23451, ,,Yes, , , , ,Yes, , , , , , , ,0,Female
"2,358",Katherine,14:29:00,16,CO,51650010400,"51,650.00",23666,23605,Yes, ,Yes, , , , ,Yes, , ,Yes, , , , ,0,Male
"2,361",Katherine,17:06:00,23,CO,51710007001,"51,810.00",23464,23513, ,,Yes, , , , , , , , , , , , ,15,Male
"2,366",Sarah,17:22:00,18,CO,51700032125,"51,700.00",23602,23692, ,,Yes, , , , , ,, , ,Yes, , ,Back injury,12,Female
"2,371",Katherine,19:30:00,16,CO,51550021008,"51,550.00",23322,23322, ,,Yes, , , , ,Yes, , , , , , , ,30,Male
"2,395",Sarah,17:12:00,16,CO,51710007001,"51,810.00",23456,23456, ,,Yes, , , , ,Yes, , , , , , , ,10,Male
"2,396",Gabriel,17:55:00,14,CO,51710007001,"51,810.00",23464,23503, ,,Yes, , , , , , , , , , , , ,15,Male
"2,414",Katherine,18:13:00,16,CO,51810046400,"51,810.00",23456,23456, ,,Yes, , , , ,Yes, , , , , , , ,0,Female
"2,423",Nina,17:27:00,17,CO,51800075100,"51,740.00",23703,23435, ,,Yes, , , , ,Yes, , , , , , , ,0,Male
"2,429",Katherine,18:09:00,16,CO,51810046006,"51,810.00",23464,23464, , , , , , , ,Yes, , , , , , , ,10,Male
"2,448",Kiara,17:37:00,13,CO,51740212800,"51,550.00",23321,23321, , , , , , , ,Yes, , , , , , , ,0,Female
"2,456",Geoff,17:54:00,18,CO,51710003501,"51,710.00",23504,23507, ,,Yes, , , , ,Yes, , , , , , , ,0,Female
"2,467",Jen,18:50:00,14,CO,51710003501,"51,710.00",23504,23320, ,,Yes, , , , ,Yes, , , , , , , ,10,Female
"2,475",Sarah,16:37:00,19,CO,51550021200,"51,550.00",23322,23322, ,,Yes, , , , ,Yes, , , , , , , ,15,Female
"2,477",Kiara,16:38:00,24,CO,51710004200,"51,810.00",23462,23502, , , , , , , ,Yes, , , , ,Yes, , ,0,Male
"2,481",Katherine,11:05:00,13,CO,51810044808,"51,810.00",23464,23452, , , , , , , , , , , , , , , ,15,Female
"2,495",Sema'J,16:42:00,17,CO,51710005902,"51,710.00",23513,23513, , , , , , , , , , , , , , , ,15,Female
"2,510",Jerrica,17:37:00,22,CO,51710004200,"51,740.00",23323,23703, , , , , , , ,Yes, , , , , , , ,3,Female
"2,514",Katherine,19:30:00,16,CO,51810043001,"51,810.00",23454,23454, ,,Yes, , , ,Braces,Yes, ,,Yes, , , ,Minor surgery,25,Female
"2,536",Darien,19:42:00,18,CO,51550020600,"51,550.00",23324,23324, ,,Yes, , , ,X-ray,Yes, , , , , , , ,15,Female
"2,540",Darien,17:42:00,17,CO,51550021402,"51,550.00",23323,23323, , , , , , , , , , , , ,Yes, , ,35,Female
"2,547",Katherine,17:09:00,18,CO,51700032222,"51,700.00",23602,23602, ,,Yes, , , , ,Yes,Yes, , , , , , ,15,Male
"2,558",Julian,17:34:00,20,CO,51550021302,"51,550.00",23323,23323, ,,Yes, , , , , , , , , , , , ,30,Male
"2,567",Jerrica,17:49:00,14,CO,51810045410,"51,810.00",23456,23456, ,,Yes, , , , , , , ,Yes, , , , ,25,Female
"2,568",Latasha,17:42:00,12,CO,51710000600,"51,710.00",23503,23518, , , , , , , , , , , , ,Yes, , ,0,Male
"2,569",Gabriel,17:33:00,15,CO,51700031601,"51,700.00",23601,23606, ,,Yes, , , , ,Yes, , , , , , , ,0,Male
"2,584",Katherine,14:53:00,16,CO,51550020600,"51,550.00",23324,23324, ,,Yes, , , , ,Yes, , , , , , , ,15,Male
"2,585",Katherine,12:38:00,15,CO,51810042801,"51,810.00",23452,23452, ,,Yes, , , , ,Yes,Yes, , , , , , ,0,Female
"2,586",Kendal,17:57:00,14,CO,51550020600,"51,550.00",23324,23523,Yes, ,Yes, , , , ,Yes, , , , , , , ,25,Female
"2,631",Darien,18:43:00,17,CO,51550021008,"51,550.00",23322,23322, ,,Yes, , , , ,Yes, , , , ,Yes, , ,30,Male
"2,648",Jerrica,18:45:00,27,CO,51550020600,"51,550.00",23324,23320, , , , , , , ,Yes, , , , , , , ,0,Male
"2,651",Sarah,19:14:00,16,CO,51550021402,"51,550.00",23323,23702,Yes, ,Yes, , , , ,Yes, , ,Yes, , , , ,20,Male
"2,657",Darien,19:20:00,20,CO,51650010305,"51,650.00",23666,23669, ,, ,Yes,Yes, , ,Yes, , , , , , , ,0,Female
"2,658",Kiara,19:22:00,16,CO,51710007001,"51,700.00",23608,23608,Yes,Yes,Yes, , , , , , , , , , , , ,2,Male
"2,665",Katherine,18:23:00,12,CO,51810041400,"51,810.00",23455,23455, ,Yes,Yes,Yes,Yes,Yes, ,Yes,Yes, , , ,Yes, , ,30,Male
"2,671",Sarah,19:38:00,19,CO,51700032125,"51,700.00",23602,23608, ,,Yes, , , , ,Yes, , , , , , , ,20,Female
"2,674",Tyler,18:01:00,13,CO,51810043001,"51,810.00",23454,23454, ,,Yes, , , , ,, , , , , , ,follow up after cancer treatment,35,Female
"2,688",Latasha,19:54:00,14,CO,51550021601,"51,740.00",23703,23435, ,,Yes, , , , , , , , , ,Yes, , ,0,Male
"2,706",Kiara,17:55:00,13,CO,51710005902,"51,710.00",23513,23513, ,Yes, , , , , ,Yes, , , , , , , ,0,Female
"2,714",Darien,20:01:00,27,CO,51550020600,"51,550.00",23324,23320, ,,Yes, , , , ,Yes, , , , , , , ,25,Male
"2,718",Katherine,17:57:00,18,CO,51550020805,"51,550.00",23322,23320, ,,Yes, , , , ,Yes, , , , , , , ,20,Female
"2,730",Kiara,16:42:00,14,CO,51810042801,"51,810.00",23452,23456,Yes, ,Yes, , , ,xrays,Yes,, , , , , ,mammography,15,Female
"2,739",Maryanne,16:48:00,17,CO,51700031601,"51,700.00",23601,23601,Yes,Yes,Yes,Yes, , , ,Yes, , , , ,Yes, , ,25,Female
"2,752",Jerrica,16:57:00,16,CO,51800075100,"51,740.00",23703,23703, , , , , , , , , , , , ,Yes, , ,0,Female
"2,763",Caleb,18:03:00,13,CO,51710007001,"51,810.00",23456,23456, ,,Yes, , , , ,Yes, , , , , , , ,25,Female
"2,773",Sarah,17:00:00,20,CO,51550021402,"51,550.00",23323,23323, , , , , , , ,Yes, , , , , , , ,5,Female
"2,810",Katherine,17:38:00,18,CO,51710007001,"51,700.00",23608,23692,Yes,Yes,Yes,Yes, , , ,Yes,Yes, ,Yes, , , , ,0,Male
"2,818",Julian,16:28:00,20,CO,51810042801,"51,810.00",23452,23462, , ,Yes,Yes, , , ,Yes, , , ,Yes,Yes, , ,180,Male
"2,845",Gabriel,16:41:00,18,CO,51800075300,"51,810.00",23462,23503, , ,Yes,Yes, , , ,Yes, , , , , , , ,45,Female
"2,852",Darien,18:14:00,18,CO,51550021008,"51,550.00",23322,23322, ,,Yes, , , , ,Yes, , , , , , , ,150,Female
"2,872",Caleb,16:34:00,15,CO,51550021007,"51,550.00",23320,23320, , , , , , , ,Yes,Yes, ,Yes, ,Yes, , ,0,Male
"2,875",Kiara,20:14:00,13,CO,51710004200,"51,810.00",23462,23562, ,,Yes, , , , ,Yes, , , , , , , ,30,Male
"2,876",Sarah,17:39:00,14,CO,51810041200,"51,810.00",23455,23455, ,,Yes, , , , ,Yes, , , , , , , ,0,Female
"2,891",Caleb,16:54:00,10,CO,51550021302,"51,550.00",23323,23323, ,,Yes, , , , ,Yes, , , , , , , ,20,Female
"2,899",Sarah,19:07:00,17,CO,51710007001,"51,650.00",23666,23666, ,,Yes, , , , ,Yes, , , , ,Yes, , ,15,Male
"2,914",Kendal,19:38:00,21,CO,51810043001,"51,810.00",23454,23451, ,,Yes, , , , , , , , , , , , ,0,Female
"2,915",Haley,19:54:00,13,CO,51740212800,"51,550.00",23321,23321, , , , , , , ,Yes,Yes, , , , , , ,10,Male
"2,918",Maryanne,19:19:00,14,CO,51700031601,"51,700.00",23601,23606, , , , , , , , , , , , , , , ,45,Male
"2,933",Darien,19:27:00,17,CO,51800075100,"51,800.00",23435,23435, ,,Yes, , , , ,Yes, , , , , , , ,0,Female
"2,937",Haley,18:50:00,14,CO,51710000600,"51,710.00",23503,23320,Yes, ,Yes, , , , ,Yes, , , ,Yes, , , ,30,Female
"2,939",Sarah,19:31:00,18,CO,51650010103,"51,650.00",23669,23669, ,,Yes, , , , , , , , , , , , ,90,Male
"2,991",Katherine,20:01:00,15,CO,51810046006,"51,810.00",23464,23462, ,,Yes, , , , ,Yes, , ,Yes, , , , ,45,Female
"3,013",Darien,18:07:00,18,CO,51550021402,"51,550.00",23323,23323, , , , , , , ,Yes, , , , ,Yes, , ,0,Female
"3,015",Kiara,20:11:00,13,CO,51740212800,"51,740.00",23321,23701,, , , , , ,new dentures, , , , , ,Yes, , ,30,Female
"3,061",Tyler,19:50:00,13,CO,51710007001,"51,810.00",23456,23454, ,,Yes, , , , ,Yes, , , , , , , ,10,Female
"3,082",Kiara,17:56:00,13,CO,51710007001,"51,650.00",23666,23661, , , , , , , ,Yes, , , , , , , ,15,Female
"3,088",Tyler,19:47:00,12,CO,51550021007,"51,550.00",23320,23323, ,,Yes, , , , , , , ,Yes, , , , ,20,Female
"3,092",Sarah,18:57:00,18,CO,51710004200,"51,740.00",23323,23323,, ,Yes, , , ,wisdom teeth removed, , , , , , , , ,,Male
"3,095",Haley,19:28:00,14,CO,51800075400,"51,800.00",23434,23434, ,,Yes, , , , ,Yes, , , , , , , ,10,Male
"3,113",Caleb,17:24:00,13,CO,51550021008,"51,550.00",23322,23322, ,,Yes, , , , , , , , , ,Yes, , ,0,Male
"3,115",Julian,17:34:00,14,CO,51700032125,"51,700.00",23602,23608, , , , , , , ,Yes, , , , , , , ,0,Female
"3,123",Gabriel,17:29:00,15,CO,51800075400,"51,800.00",23434,23434, ,,Yes, , , , , , , ,Yes,Yes, , , ,15,Female
"3,124",Jerrica,17:43:00,19,CO,51710000600,"51,710.00",23503,23505, ,,Yes, , , , ,Yes, , , , , , , ,0,Male
"3,138",Julian,18:00:00,20,CO,51550020801,"51,810.00",23464,23464, , , , , , , ,Yes, , , , , , , ,0,Female
"3,143",Jerrica,18:00:00,17,CO,51800075300,"51,810.00",23462,23464, , , , , , , , , , , ,Yes, , , ,60,Male
"3,145",Kiara,17:25:00,17,CO,51700031601,"51,700.00",23601,23606, , ,Yes,Yes, , , ,Yes, , , , , , , ,15,Female
"3,157",Brandie,12:04:00,22,CO,51550021601,"51,740.00",23703,23435, ,,Yes, , , , ,Yes,Yes, , , ,Yes,Yes, ,0,Male
"3,170",Kendal,19:46:00,17,CO,51710007001,"51,650.00",23666,23666, , , , , , , , , , , , , , , ,10,Female
"3,177",Katherine,18:49:00,16,CO,51710004200,"51,740.00",23323,23323, , , , , , , ,Yes,Yes, ,Yes,Yes,Yes, , ,0,Female
"3,187",Nina,19:36:00,16,CO,51700032125,"51,700.00",23602,23602, ,,Yes, , , , ,Yes,Yes, , , , , , ,20,Male
"3,202",Darien,16:59:00,19,CO,51740212800,"51,550.00",23321,23701,Yes, , , ,Yes, , ,Yes, , , , , , ,CT Scan,0,Female
"3,207",Geoff,17:22:00,20,CO,51810046211,"51,810.00",23464,23456,Yes, ,Yes, , , , ,Yes, , , , ,Yes, , ,45,Female
"3,214",Tyler,20:01:00,12,CO,51650010400,"51,650.00",23666,23666, ,,Yes, , , , ,Yes, , , , , , , ,15,Male
"3,217",Sema'J,16:35:00,16,CO,51700032222,"51,700.00",23608,23608, ,,Yes, , , , ,Yes,Yes,Yes,Yes,Yes,Yes,Yes, ,0,Female
"3,233",Tyler,19:39:00,20,CO,51800075100,"51,740.00",23703,23703, ,,Yes, , , ,xrays and exams, , , , ,Yes, , , ,25,Male
"3,235",Katherine,11:45:00,12,CO,51700032125,"51,700.00",23602,23693, ,,Yes, , , ,xrays, , , , , , , , ,35,Female
"3,243",Darien,16:30:00,17,CO,51710004200,"51,810.00",23464,23502, ,,Yes, , , , ,Yes, , , , , , , ,20,Male
"3,260",Kiara,20:02:00,12,CO,51810045410,"51,810.00",23456,23454, , , , , , , , ,, , , ,Yes, ,gurd,5,Female
"3,262",Tyler,20:11:00,17,CO,51810043001,"51,810.00",23454,23454, ,,Yes, , , , , , , ,Yes, , , , ,0,Male
"3,266",Tyler,20:07:00,14,CO,51810046214,"51,810.00",23464,23464,, , , , , ,Plate,Yes, ,, , ,Yes, ,gastronenterology,0,Female
"3,292",Tyler,18:44:00,14,CO,51650010305,"51,650.00",23666,23666, , , , , , , , , , ,Yes, , , , ,15,Female
"3,297",Kiara,17:01:00,12,CO,51550021008,"51,550.00",23322,23322, ,,Yes, , , , ,Yes, , , , , , , ,15,Female
"3,302",Darien,19:34:00,22,CO,51800075400,"51,800.00",23434,23434, , , , , , , ,Yes,, , , , , ,Mammogram  Pap smear,30,Female
"3,306",Katherine,11:59:00,14,CO,51550020600,"51,550.00",23324,23324, , , , , , , ,Yes,Yes, ,Yes,Yes,Yes,Yes,surgeon,15,Female
"3,329",Tyler,18:03:00,17,CO,51710002400,"51,710.00",23505,23505, , , , , , , , , , , , ,Yes, , ,0,Male
"3,348",Sarah,18:39:00,20,CO,51810046006,"51,810.00",23464,23464, ,,Yes, , , , ,Yes, , , , , , ,lab testing and imaging,20,Female
"3,354",Haley,12:51:00,14,CO,51710004200,"51,550.00",23322,23320, ,,Yes, , , , ,Yes, , , , , , , ,30,Female
"3,356",Kendal,17:00:00,18,CO,51710004200,"51,740.00",23323,23703, ,,Yes, , , , ,, , , , , , ,mammogram,0,Female
"3,373",Kendal,19:11:00,13,CO,51700032125,"51,700.00",23602,23608, , , , , , , ,Yes, , , , , , , ,0,Male
"3,382",Sarah,19:29:00,19,CO,51710004200,"51,810.00",23464,23510, ,,Yes, , , , ,Yes, , , , , , , ,0,Female
"3,393",Gabriel,18:25:00,13,CO,51710004200,"51,810.00",23464,23451,Yes, ,Yes, , , , , , , , , , , , ,30,Female
"3,395",Katherine,14:45:00,16,CO,51700032115,"51,700.00",23602,23602,Yes, ,Yes, , , , ,Yes, ,,Yes, , , ,oncology,12,Male
"3,404",Kendal,20:05:00,15,CO,51810046009,"51,810.00",23462,23455, ,,Yes, , , , ,Yes, , , , , , , ,30,Female
"3,409",Sarah,18:32:00,22,CO,51810045410,"51,810.00",23456,23456, ,,Yes, , , , ,Yes,, , , , , ,medication refill,20,Male
"3,416",Sarah,20:07:00,14,CO,51810046218,"51,810.00",23464,23464, ,,Yes, , , ,gum cleaning, , , , , , , , ,30,Male
"3,417",Katherine,11:14:00,13,CO,51810045410,"51,810.00",23456,23456, ,,Yes, , , , ,Yes, , , , ,Yes, , ,0,Male
"3,442",Sarah,19:57:00,15,CO,51710007001,"51,810.00",23456,23454, ,,Yes, , , , , , ,Yes, , , , , ,25,Female
"3,452",Latasha,19:46:00,21,CO,51800075800,"51,800.00",23438,23434, , , , , , , ,Yes, , , , , , , ,0,Female
"3,493",Sema'J,11:09:00,25,CO,51550021008,"51,550.00",23322,23322, ,,Yes, , , , ,Yes,Yes, , , ,Yes, ,Surgery,0,Male
"3,508",Geoff,19:29:00,13,CO,51700031601,"51,650.00",23669,23669,Yes, ,Yes, , , , ,Yes, , ,Yes, , , , ,60,Male
"3,515",Sarah,19:32:00,16,CO,51550021007,"51,550.00",23320,23320, , , , , , , , , , , , , , , ,30,Male
"3,518",Kiara,16:50:00,12,CO,51550020805,"51,550.00",23320,23320, ,,Yes, , , , ,Yes, , , , , , ,kidney stones and torn miniscus operation,0,Male
"3,522",Sarah,17:26:00,22,CO,51710003501,"51,710.00",23504,23508, , , , , , , ,Yes, , , , ,Yes, , ,3,Female
"3,554",Julian,16:34:00,22,CO,51740211600,"51,740.00",23704,23704,Yes, ,Yes, , , , , ,Yes, , ,Yes, , , ,0,Female
"3,571",Katherine,12:56:00,19,CO,51700031601,"51,700.00",23601,23601, , , , , , , ,Yes,Yes, ,Yes,,Yes, ,cancer,0,Female
"3,573",Kiara,19:17:00,32,CO,51650010103,"51,650.00",23669,23651, ,,Yes, , , , ,Yes,Yes,, , , , ,"dermatologist, foot doctor",0,Male
"3,586",Nina,19:47:00,17,CO,51800075100,"51,740.00",23703,23435, ,,Yes, , , , , , , , , , , , ,4,Male
"3,587",Kiara,20:05:00,14,CO,51700031601,"51,700.00",23601,23601, ,,Yes, , , , , , , ,Yes, ,Yes, , ,10,Male
"3,590",Tyler,17:48:00,14,CO,51650010305,"51,650.00",23666,23666, ,Yes,Yes, , , ,oral surgery, , , , , ,Yes, , ,35,Male
"3,644",Kiara,19:09:00,15,CO,51700031700,"51,700.00",23601,23601, , , , , , , ,Yes, , , , , , , ,0,Female
"3,648",Katherine,14:13:00,16,CO,51810046009,"51,810.00",23462,23502,Yes, ,Yes, , , , ,Yes,Yes, ,, ,Yes, ,skin cancer treatment (removal),0,Male
"3,657",Jerrica,18:00:00,15,CO,51550021008,"51,550.00",23322,23322, ,,Yes, , , , ,Yes, , , , , , , ,25,Female
"3,660",Julian,19:29:00,17,CO,51550021008,"51,550.00",23322,23322, ,,Yes, , , , ,Yes, , , , , , , ,0,Female
"3,682",Kiara,19:32:00,31,CO,51550021007,"51,550.00",23320,23320,Yes,Yes,Yes,Yes,Yes,,cap put on my teeth .,Yes,Yes, , ,Yes,Yes,Yes, ,0,Female
"3,687",Katherine,20:08:00,16,CO,51550020805,"51,550.00",23320,23322, ,,Yes, , , , ,Yes,Yes, ,Yes, ,Yes, , ,45,Male
"3,695",Darien,17:59:00,14,CO,51740212800,"51,550.00",23321,23321, ,,Yes, , , , ,Yes, , , , , , , ,15,Male
"3,696",Sarah,16:40:00,17,CO,51650010103,"51,650.00",23669,23669, ,,Yes, , , , ,Yes, , , , , , , ,0,Female
"3,698",Julian,16:46:00,17,CO,51810046006,"51,810.00",23464,23462,, , , , , ,wearing dentures,Yes, , , , ,Yes, , ,0,Female
"3,699",Katherine,17:33:00,13,CO,51810042801,"51,810.00",23452,23452, , ,Yes,Yes, , , ,Yes, , , , ,Yes, , ,0,Female
"3,711",Kendal,17:10:00,12,CO,51810044808,"51,810.00",23464,23452, ,,Yes, , , , ,Yes, , , , , , , ,20,Female
"3,713",Jerrica,17:12:00,19,CO,51810044808,"51,810.00",23464,23464, ,,Yes, , , , ,, , , , , , ,Going through IVF process,20,Female
"3,716",Darien,19:50:00,17,CO,51810044808,"51,810.00",23464,23452, ,,Yes, , , , ,, , , , , , ,Blood work dont for permanent medication dosage,20,Female
"3,724",Kendal,16:59:00,12,CO,51550020600,"51,550.00",23324,23324, , , , , , , ,Yes, , , , , , , ,0,Female
"3,725",Jen,17:16:00,18,CO,51710007001,"51,810.00",23456,23503, , , , , , , ,Yes,Yes, ,, ,Yes, ,Followed by an oncologist and a pulmonologist (?),15,Female
"3,735",Jerrica,17:40:00,16,CO,51810043001,"51,810.00",23454,23454,Yes, , , , , , , , , ,Yes, , , , ,0,Female
"3,742",Sarah,17:50:00,15,CO,51800075100,"51,800.00",23435,23704, ,,Yes, , , , ,Yes,, , , , , ,blood pressure problems,0,Female
"3,743",Latasha,18:05:00,15,CO,51810044808,"51,810.00",23455,23454, ,,Yes, , , , ,Yes, , , , , , , ,25,Female
"3,755",Sarah,17:01:00,16,CO,51710005902,"51,710.00",23513,23513, , , , , , , , , , , , ,Yes, , ,0,Female
"3,761",Kiara,19:47:00,12,CO,51810044808,"51,810.00",23464,23453, ,,Yes, , , ,xray, , , ,Yes, , , , ,20,Female
"3,763",Sarah,18:49:00,18,CO,51550020805,"51,550.00",23322,23322, ,,Yes, , , , ,Yes, , , , , , , ,10,Female
"3,796",Kendal,16:36:00,16,CO,51710007001,"51,650.00",23666,23669, ,Yes,Yes, , , , ,Yes, , , , , , , ,1,Female
"3,805",Kiara,19:34:00,14,CO,51700032300,"51,650.00",23666,23666,Yes, ,Yes, , , , ,Yes, , , , , , , ,20,Female
"3,827",Brandie,20:03:00,16,CO,51700030300,"51,700.00",23607,23607, , , , , , , , , , , , ,Yes, , ,15,Female
"3,831",Katherine,13:26:00,19,CO,51550021601,"51,740.00",23703,23703, ,,Yes, , , , ,Yes, , ,Yes, ,Yes, , ,0,Female
"3,835",Jerrica,17:45:00,17,CO,51710005902,"51,710.00",23513,23518, ,,Yes, , , , , , , , , , , , ,0,Male
"3,842",Kendal,13:44:00,14,CO,51710007001,"51,740.00",23323,23323, , , , , , , ,Yes, , , , ,Yes, , ,0,Female
"3,850",Jen,20:04:00,17,CO,51710007001,"51,810.00",23456,23456, ,Yes,Yes, , ,Yes, , , ,, , ,Yes,Yes,Preventative care,15,Female
"3,857",Katherine,13:43:00,15,CO,51710000600,"51,710.00",23503,23503,Yes,Yes, , , , , ,Yes, , , , ,Yes, , ,0,Male
"3,860",Katherine,14:10:00,17,CO,51710007001,"51,650.00",23666,23669, ,Yes, , , , , , , , , , , , , ,20,Female
"3,867",Kendal,18:54:00,17,CO,51550021601,"51,740.00",23703,23703, ,,Yes, , , , ,Yes, , , , , , , ,5,Female
"3,872",Katherine,16:36:00,16,CO,51710007001,"51,700.00",23601,23693, ,,Yes, , , , ,Yes, , ,Yes, ,Yes, , ,15,Male
"3,874",Latasha,16:32:00,27,CO,51710004200,"51,740.00",23323,23701, ,, , ,Yes, ,Both wisdom teeth removed,Yes, , ,Yes,Yes,Yes,Yes, ,0,Female
"3,877",Jerrica,16:56:00,15,CO,51650010400,"51,650.00",23666,23666,, , , , , ,Tooth pulled,Yes, , , , , , , ,15,Female
"3,880",Katherine,19:45:00,17,CO,51800075100,"51,800.00",23435,23435, ,,Yes, , , , , , , , , , , , ,20,Female
"3,885",Haley,16:43:00,15,CO,51810042801,"51,810.00",23452,23454,Yes, ,Yes, , , , ,Yes,Yes, , ,Yes,Yes, , ,0,Male
"3,894",Sarah,20:23:00,14,CO,51550021601,"51,740.00",23703,23435, ,,Yes, , , , ,Yes, , , , , , , ,210,Female
"3,909",Geoff,20:04:00,16,CO,51650010400,"51,650.00",23666,23666, ,,Yes, , , , ,Yes, , , , , , , ,10,Female
"3,916",Latasha,18:53:00,22,CO,51710007001,"51,810.00",23464,23464, ,,Yes, , , , ,Yes, , ,Yes,Yes,Yes,Yes,X rays and Ct scans,0,Female
"3,919",Latasha,17:36:00,9,CO,51710007001,"51,740.00",23323,23707, ,,Yes, , , , , , , , , , , , ,15,Female
"3,937",Katherine,11:16:00,14,CO,51700032300,"51,650.00",23666,23605, ,,Yes, , , ,xrays,Yes,Yes, ,, ,Yes, ,pacemaker,20,Female
"3,942",Latasha,17:03:00,16,CO,51710004200,"51,810.00",23464,23503, ,,Yes, ,Yes, ,Yes,Yes, , , , , , , ,60,Male
"3,955",Haley,17:09:00,13,CO,51740212800,"51,550.00",23321,23701, , , , , , , ,Yes, , , , ,Yes, , ,20,Male
"3,966",Jerrica,19:10:00,16,CO,51550020805,"51,550.00",23322,23320, ,,Yes, , , ,X Rays,Yes,Yes,Yes,Yes,Yes,Yes, , ,25,Female
"4,005",Nina,18:02:00,17,CO,51800075100,"51,740.00",23703,23703, , , , , , , , , , , , , , , ,0,Male
"4,006",Julian,14:37:00,19,CO,51710007001,"51,810.00",23456,23456, ,,Yes, , , , , , , ,Yes, , , , ,45,Female
"4,024",Kiara,17:38:00,14,CO,51650010305,"51,650.00",23666,23666,Yes, ,Yes, , , , ,Yes, , , , , , ,breast cancer,0,Female
"4,046",Gabriel,18:04:00,14,CO,51810046009,"51,810.00",23462,23455, ,,Yes, , , , ,Yes, , , , , , , ,5,Female
"4,047",Julian,17:47:00,14,CO,51550021008,"51,550.00",23322,23322, , , ,Yes, ,Yes, , , , ,Yes, ,Yes, , ,10,Female
"4,048",Haley,17:49:00,12,CO,51800075400,"51,800.00",23434,23434, , ,Yes,Yes, , , ,Yes, , , ,Yes,Yes, , ,20,Male
"4,078",Nina,16:33:00,15,CO,51810046214,"51,810.00",23464,23464, ,,Yes, , , , ,Yes, , , , , , , ,20,Female
"4,084",Tyler,17:13:00,13,CO,51710007001,"51,810.00",23464,23504, ,,Yes, , , , ,Yes, , , , , , , ,20,Female
"4,085",Katherine,18:07:00,16,CO,51710000600,"51,710.00",23503,23503,Yes, ,Yes, , , , ,Yes,Yes, , , , , , ,5,Female
"4,098",Latasha,19:24:00,21,CO,51710007001,"51,700.00",23601,23601, ,,Yes, , , , ,Yes,Yes, , ,Yes,Yes, ,"skin doctor, gastoanologist",0,Female
"4,103",Sarah,18:16:00,19,CO,51800075400,"51,800.00",23434,23434, , ,Yes,Yes, , , ,, , , , , , ,blood work and foot doctor,40,Male
"4,118",Kiara,18:26:00,14,CO,51650010305,"51,650.00",23666,23605, ,,Yes, , , , ,, , , , , , ,ankle surgery,15,Male
"4,119",Terrell,18:43:00,14,CO,51810044808,"51,810.00",23464,23505, ,,Yes, , , , ,Yes, , , , , , , ,0,Female
"4,126",Katherine,19:32:00,13,CO,51700032222,"51,700.00",23608,23606, , , , , , , ,Yes, , , , , , , ,0,Female
"4,139",Katherine,19:53:00,14,CO,51800075400,"51,800.00",23434,23434, ,,Yes, , , , ,Yes, , ,Yes, ,Yes, , ,15,Female
"4,151",Darien,18:20:00,23,CO,51550020600,"51,550.00",23324,23523, ,Yes, , , , , ,Yes, , , , , , , ,0,Female
"4,157",Sarah,18:01:00,19,CO,51650010103,"51,650.00",23669,23669, ,,Yes, , , , ,Yes, , ,Yes,Yes, , , ,15,Female
"4,164",Jerrica,20:05:00,22,CO,51800075100,"51,800.00",23435,23321, , , , , , , , , , , , ,Yes, , ,0,Female
"4,170",Sarah,20:05:00,17,CO,51800075100,"51,800.00",23435,23703, ,,Yes, , , , ,Yes, , , , , , , ,30,Male
"4,179",Katherine,16:32:00,14,CO,51550021601,"51,740.00",23703,23321, ,,Yes, , , , ,Yes,Yes, , , ,Yes,Yes, ,0,Female
"4,180",Jerrica,16:36:00,17,CO,51700032300,"51,650.00",23666,23661,Yes, , , , , , , , , ,Yes, , , , ,25,Female
"4,193",Darien,19:05:00,15,CO,51800075400,"51,800.00",23434,23434, , ,Yes, ,Yes, , , , , , , ,Yes, , ,55,Male
"4,195",Sarah,19:08:00,17,CO,51810042801,"51,810.00",23452,23454, , , , , , , , , , , , , , , ,15,Female
"4,205",Katherine,12:18:00,14,CO,51810046008,"51,810.00",23456,23456, ,,Yes, , , , ,Yes, , ,Yes, , , , ,15,Male
"4,225",Katherine,12:10:00,15,CO,51710007001,"51,810.00",23464,23451, , , , , , , , , , , , , , , ,15,Female
"4,232",Caleb,18:12:00,19,CO,51710007001,"51,810.00",23456,23456, ,,Yes, , , , , , , , , , , , ,4,Female
"4,235",Kendal,16:35:00,11,CO,51550021008,"51,550.00",23322,23322, ,,Yes, , , , , , , , , , , , ,25,Male
"4,243",Gabriel,16:41:00,15,CO,51710007001,"51,810.00",23464,23503, ,,Yes, , , , , , , , , , , , ,30,Male
"4,249",Jen,16:41:00,19,CO,51740212800,"51,550.00",23321,23321, ,,Yes, , , , ,, , , , , , ,Hearing issue- cochular impant,0,Female
"4,263",Kiara,17:05:00,13,CO,51550020805,"51,550.00",23320,23320, ,,Yes, , , , ,Yes, , , , , , , ,5,Female
"4,287",Kiara,18:38:00,14,CO,51550021008,"51,550.00",23322,23322, , , , , , , ,Yes,Yes, ,Yes, , , , ,5,Male
"4,302",Brandie,16:40:00,23,CO,51650010800,"51,650.00",23669,23669, , , , , , , ,Yes, , , ,Yes,Yes, , ,0,Female
"4,315",Katherine,13:49:00,14,CO,51550020805,"51,550.00",23320,23320, , , , , , , , , , , ,Yes, , , ,15,Female
"4,328",Kiara,16:37:00,17,CO,51550021008,"51,550.00",23322,23322,Yes, ,Yes, , , , ,, , , , , , ,kidney transplant,10,Female
"4,345",Nina,19:21:00,20,CO,51810044808,"51,810.00",23455,23455, ,,Yes, , , ,Cap on moller,Yes, , ,Yes, ,Yes, ,Back problem for pain management doctor,0,Female
"4,350",Caleb,17:49:00,13,CO,51550021601,"51,740.00",23703,23703, , , , , , , ,Yes, , , , , , , ,40,Female
"4,358",Tyler,19:16:00,16,CO,51550021402,"51,550.00",23323,23323,Yes, ,Yes, , , , , , , , , ,Yes, , ,15,Female
"4,387",Nina,17:29:00,16,CO,51710003501,"51,710.00",23504,23504, ,,Yes, , , , ,Yes, , ,Yes, , , , ,10,Female
"4,396",Sarah,20:21:00,18,CO,51810045418,"51,810.00",23454,23456, ,,Yes, , , , ,Yes, , , , , , , ,12,Female
"4,409",Jerrica,18:34:00,19,CO,51810046214,"51,810.00",23464,23464, ,,Yes, , , , , , , , , , , , ,20,Male
"4,412",Julian,19:21:00,14,CO,51800075500,"51,800.00",23435,23435, ,,Yes, , , , ,Yes, , ,Yes, ,Yes, ,flu shot,0,Male
"4,427",Latasha,18:49:00,15,CO,51550020600,"51,550.00",23324,23324,Yes, ,Yes, , , , ,Yes,, , , , , ,Byopsy,0,Female
"4,436",Katherine,17:59:00,14,CO,51800075400,"51,800.00",23434,23434, ,,Yes, , , , ,Yes, , , , , , , ,20,Female
"4,456",Katherine,14:04:00,17,CO,51550021402,"51,550.00",23323,23701, ,,Yes, , , , ,Yes, , ,, ,Yes,Yes,back pain,0,Male
"4,462",Katherine,13:21:00,20,CO,51710000600,"51,710.00",23503,23503, , , , , , , ,Yes,Yes, , , , , , ,0,Female
"4,482",Kendal,16:30:00,15,CO,51710000600,"51,710.00",23503,23503,Yes,,Yes,Yes, , , , , , , , ,Yes, , ,0,Female
"4,493",Sarah,16:46:00,17,CO,51700031601,"51,700.00",23601,23601, , , , , , , , ,,Yes, ,Yes, , ,surgery,30,Female
"4,496",Geoff,17:57:00,15,CO,51550020805,"51,550.00",23322,23320, ,,Yes, , , , ,Yes, , , , ,Yes, , ,0,Female
"4,503",Kendal,17:35:00,12,CO,51810046009,"51,810.00",23462,23462, , , , , , , , , , , , , , , ,0,Female
"4,509",Jen,18:14:00,16,CO,51810043001,"51,810.00",23454,23454, , , , , , , ,Yes, , , , , , , ,35,Male
"4,518",Jerrica,19:58:00,22,CO,51710001500,"51,710.00",23505,23508, ,,Yes, , , , ,Yes, , , , , , , ,15,Male
"4,532",Haley,12:03:00,13,CO,51710004200,"51,810.00",23464,23456, , ,Yes,Yes, , , , , , ,Yes, ,Yes, , ,25,Male
"4,544",Kiara,20:02:00,18,CO,51710004200,"51,810.00",23464,23456, ,,Yes, , , , , , ,Yes, ,Yes,Yes, , ,0,Female
"4,581",Sema'J,18:04:00,18,CO,51700032221,"51,700.00",23608,23690,Yes, , , , , , ,, , , , , , ,Lossing weight,20,Female
"4,587",Kendal,18:11:00,19,CO,51550021501,"51,550.00",23321,23321, ,,Yes, , , , ,Yes, , , , , , , ,30,Female
"4,590",Tyler,18:13:00,12,CO,51700032300,"51,650.00",23666,23664, ,Yes,Yes, , , , , , , ,Yes, , , , ,45,Female
"4,605",Terrell,20:05:00,11,CO,51710007001,"51,740.00",23323,23323, ,,Yes, , , , ,Yes, ,Yes, , , , , ,25,Female
"4,639",Kendal,19:54:00,13,CO,51710007001,"51,810.00",23464,23505,Yes, ,Yes, , , , ,, , , , , , ,perso,60,Female
"4,646",Katherine,19:45:00,15,CO,51550021200,"51,550.00",23322,23322, ,,Yes, , , , ,Yes, , , , , , , ,60,Female
"4,655",Kiara,16:47:00,18,CO,51810043001,"51,810.00",23454,23451,Yes, ,Yes, , , , , , , , , ,Yes, , ,0,Female
"4,658",Jen,17:09:00,13,CO,51710007001,"51,810.00",23464,23452, ,,Yes, , , , , , , , , , , , ,10,Female
"4,662",Katherine,20:00:00,13,CO,51550021402,"51,550.00",23323,23323, , , , , , , ,Yes,Yes, ,Yes, , , , ,30,Male
"4,677",Katherine,11:33:00,14,CO,51710007001,"51,810.00",23464,23511, ,,Yes, , , , ,Yes, , , , , , , ,7,Male
"4,703",Sarah,19:17:00,17,CO,51810042801,"51,810.00",23452,23452, ,,Yes, , , , ,Yes,, , , , , ,blood tests,0,Male
"4,704",Katherine,12:21:00,13,CO,51710003501,"51,710.00",23504,23504, , , , , , , ,Yes,Yes, , , , , , ,5,Male
"4,705",Kendal,16:56:00,14,CO,51800075400,"51,800.00",23434,23434, ,,Yes, , , , , , , , , ,Yes, , ,0,Female
"4,729",Nina,16:59:00,15,CO,51810046211,"51,810.00",23464,23455, ,,Yes, , , , ,Yes,, , , , , ,Tests done for heart monitor,0,Female
"4,731",Katherine,16:58:00,15,CO,51710005902,"51,710.00",23513,23502, , , , , , , ,Yes, ,, ,Yes, , ,pulled muscle in back,60,Female
"4,747",Katherine,17:00:00,15,CO,51810042801,"51,810.00",23452,23452, ,,Yes, , , , , , , , , ,Yes, , ,5,Female
"4,757",Kendal,17:50:00,19,CO,51810040404,"51,810.00",23462,23462, , , , , , , , , , , , , , , ,15,Female
"4,800",Darien,18:13:00,14,CO,51810046008,"51,810.00",23456,23456, ,,Yes, , , , ,Yes,Yes, , , , , , ,40,Male
"4,802",Nina,17:39:00,13,CO,51550021008,"51,550.00",23322,23322,Yes, ,Yes, , , , , , , , , ,Yes, , ,0,Female
"4,816",Julian,16:37:00,15,CO,51810046218,"51,810.00",23464,23464, ,,Yes, , , , ,Yes, , , ,Yes,Yes, , ,30,Male
"4,817",Kendal,18:15:00,13,CO,51550021008,"51,550.00",23322,23322, ,,Yes, , , , , , , , , , , , ,0,Female
"4,866",Katherine,14:24:00,13,CO,51810042801,"51,810.00",23452,23452, ,,Yes, , , , ,Yes, , , , ,Yes, , ,50,Male
"4,874",Kiara,19:56:00,13,CO,51550021007,"51,550.00",23320,23320,, ,Yes, , , ,exam, , , , , , , , ,15,Female
"4,881",Sarah,16:41:00,14,CO,51550021007,"51,550.00",23320,23320,Yes, ,Yes, , , , ,Yes, , , , , , , ,15,Male
"4,895",Tyler,17:26:00,19,CO,51810042801,"51,810.00",23452,23452, ,,Yes, , , , ,Yes, , , , , , , ,0,Female
"4,905",Tyler,18:56:00,16,CO,51550021402,"51,550.00",23323,23323,, , , , , ,replacement of teeth,Yes, , , , , , , ,35,Female
"4,912",Jerrica,17:22:00,15,CO,51710007001,"51,810.00",23464,23508, ,,Yes, , , , ,Yes, , , , , , , ,0,Female
"4,920",Geoff,17:35:00,13,CO,51650010103,"51,650.00",23669,23664, , ,Yes, ,Yes, , ,Yes, , , , , , , ,25,Female
"4,942",Sarah,19:02:00,15,CO,51810046214,"51,810.00",23464,23464,Yes, ,Yes, , , , ,Yes, , , , ,Yes, , ,20,Female
"4,962",Nina,18:01:00,14,CO,51810043001,"51,810.00",23454,23451, , ,Yes, , ,Yes, ,Yes, , , , , , , ,0,Male
"4,965",Kiara,19:38:00,17,CO,51810045420,"51,810.00",23456,23454, ,,Yes, , , , ,, , , , , , ,orthopedic,10,Female
"4,975",Jerrica,19:56:00,14,CO,51800075400,"51,800.00",23434,23434, , , , , , , , , , , , , , , ,20,Female
"4,992",Terrell,17:58:00,11,CO,51810043001,"51,810.00",23454,23454,Yes, , , , , , , , , , , , , , ,10,Female
"4,994",Brandie,13:18:00,33,CO,51700030400,"51,700.00",23607,23605, ,,Yes, , , ,Grafting,Yes,Yes, , , , , , ,0,Female
"5,003",Haley,14:40:00,15,CO,51800075100,"51,740.00",23703,23703, ,,Yes, , , , ,Yes, ,,Yes, , , ,"mammogram, pap smear",24,Female
"5,005",Latasha,16:50:00,14,CO,51800075400,"51,800.00",23434,23434, , , , , , , , , , ,Yes, , , , ,10,Female
"5,012",Jen,19:33:00,16,CO,51800075400,"51,800.00",23434,23434,Yes, ,Yes, , , , ,Yes,Yes, ,Yes, ,Yes, , ,15,Female
"5,048",Brandie,17:51:00,16,CO,51650010800,"51,650.00",23669,23664, ,,Yes, , , , ,Yes, , , , , , , ,25,Male
"5,068",Kendal,17:30:00,12,CO,51810042801,"51,810.00",23452,23464, ,,Yes, , , , ,Yes, , , , , , , ,0,Female
"5,069",Jerrica,17:53:00,14,CO,51800075400,"51,800.00",23434,23434, , , , , , , ,Yes, , , , , , , ,30,Male
"5,103",Julian,17:35:00,19,CO,51550021601,"51,740.00",23703,23321,Yes, ,Yes, , , , ,Yes, , , , , , , ,35,Male
"5,106",Jen,16:43:00,21,CO,51550021007,"51,550.00",23320,23320, ,,Yes, , , , ,Yes, , , , , , , ,0,Male
"5,107",Katherine,17:42:00,15,CO,51710007001,"51,650.00",23666,23666, , , , , , , ,Yes, , ,Yes, , , ,endocrinology,25,Female
"5,112",Katherine,13:05:00,15,CO,51810043001,"51,810.00",23454,23454,Yes,Yes,Yes,Yes, ,Yes, ,Yes, , , , , , , ,0,Male
"5,131",Jen,18:08:00,18,CO,51810046005,"51,810.00",23462,23462, ,,Yes, , , , ,Yes, , ,Yes, ,Yes, , ,10,Female
"5,132",Kendal,14:30:00,20,CO,51710005902,"51,710.00",23513,23518, ,,Yes, , , , ,Yes, , , , , , , ,0,Female
"5,150",Nina,16:40:00,16,CO,51550021008,"51,550.00",23322,23322, ,,Yes, , , , ,Yes, , , , , , , ,0,Female
"5,168",Katherine,17:01:00,16,CO,51800075100,"51,800.00",23435,23435, , ,Yes,Yes, , , ,Yes, , , , , , , ,0,Female
"5,191",Nina,19:07:00,28,CO,51710007001,"51,740.00",23323,23323, ,,Yes, , , , ,Yes, , ,Yes, ,Yes, , ,30,Female
"5,244",Sema'J,18:03:00,18,CO,51800075100,"51,800.00",23435,23703, ,,Yes, , , , ,Yes, , , , , , , ,30,Female
"5,268",Jen,19:09:00,23,CO,51650010305,"51,650.00",23666,23666, , , , , , , , , , ,Yes, , , , ,0,Male
"5,278",Katherine,17:21:00,13,CO,51550020805,"51,550.00",23320,23320, ,,Yes, , , , ,Yes,Yes, , , , , , ,20,Male
"5,279",Tyler,20:00:00,14,CO,51650010400,"51,650.00",23666,23666, ,,Yes, , , ,x rays,Yes,Yes, , , ,Yes, , ,0,Female
"5,293",Katherine,14:17:00,14,CO,51810045410,"51,810.00",23456,23456, ,,Yes, , , , ,Yes,Yes, , , ,Yes, , ,0,Female
"5,306",Katherine,13:19:00,17,CO,51700032125,"51,700.00",23602,23602, ,,Yes, , , , ,Yes,Yes, , , , , , ,0,Female
"5,315",Kiara,17:18:00,10,CO,51710007001,"51,700.00",23606,23601, ,,Yes, , , , ,Yes, , , , , , , ,0,Female
"5,319",Jen,20:21:00,17,CO,51700031601,"51,700.00",23601,23602, ,,Yes, , , , ,Yes, , , , ,Yes, , ,15,Female
"5,328",Katherine,11:08:00,17,CO,51800075100,"51,740.00",23703,23425, ,,Yes,Yes, , , ,Yes, ,Yes, , , , , ,0,Male
"5,338",Brandie,11:24:00,15,CO,51550020801,"51,810.00",23464,23464, , , , , , , , , , ,Yes, , ,Yes, ,15,Female
"5,350",Nina,18:23:00,14,CO,51710002400,"51,710.00",23505,23505,Yes, ,Yes, , , , ,Yes,Yes, ,Yes,Yes,Yes, , ,0,Female
"5,354",Nina,18:52:00,36,CO,51710005903,"51,710.00",23513,23502, ,,Yes, , , , , , , , , , , , ,0,Male
"5,365",Jerrica,17:53:00,16,CO,51550020600,"51,550.00",23324,23320, ,,Yes, , , , ,, , , , , , ,DVT,30,Female
"5,366",Haley,17:02:00,14,CO,51710003501,"51,710.00",23504,23507, ,,Yes, , , , ,Yes, , ,Yes,Yes,Yes, , ,0,Female
"5,394",Kendal,14:13:00,12,CO,51810043001,"51,810.00",23454,23523, ,,Yes, , , , ,Yes, , , , , , , ,20,Female
"5,398",Katherine,14:18:00,16,CO,51550020600,"51,550.00",23324,23523, ,,Yes, , , , ,Yes, , , , ,Yes, , ,0,Female
"5,412",Maryanne,17:23:00,14,CO,51710006400,"51,710.00",23502,23505, , , , , , , ,Yes, , ,Yes, ,Yes, ,Flu shot,0,Male
"5,436",Sarah,18:22:00,13,CO,51800075400,"51,800.00",23434,23434,Yes, ,Yes, , , , ,Yes, , , , ,Yes, , ,40,Male
"5,445",Jen,19:52:00,16,CO,51550020805,"51,550.00",23322,23323, , ,Yes, , ,Yes, ,, , , , , , ,Skin screening for cancer,35,Female
"5,451",Jen,19:11:00,20,CO,51810045410,"51,810.00",23456,23453, ,,Yes, , , , ,, , , , , , ,Annual eye exam,25,Male
"5,459",Latasha,19:24:00,15,CO,51710003501,"51,710.00",23504,23513,Yes, ,Yes, , , , ,Yes, , , , , , , ,15,Female
"5,468",Haley,19:11:00,11,CO,51710000600,"51,710.00",23503,23503, , , , , , , , , , , , , , , ,20,Female
"5,470",Nina,18:06:00,24,CO,51810042801,"51,810.00",23452,23452, , , , , , , ,Yes, , , ,Yes, ,Yes, ,15,Male
"5,475",Nina,18:16:00,20,CO,51810044808,"51,810.00",23462,23505, ,,Yes, , , , , , ,Yes, , , , , ,5,Female
"5,478",Sarah,20:01:00,19,CO,51700032125,"51,700.00",23602,23602, ,,Yes, , , ,Gums deep cleaned, , , , , , , , ,15,Female
"5,492",Kiara,19:34:00,14,CO,51810043001,"51,810.00",23454,23454,Yes, ,Yes, , , , ,Yes, , , , , , , ,20,Male
"5,495",Jen,18:51:00,19,CO,51710000600,"51,710.00",23503,23503, ,,Yes, , , , ,Yes,Yes,, , , ,Yes,Work injury -frozen shoulder  -impairment inthe right arm due to the above injury,10,Female
"5,499",Sema'J,14:28:00,23,CO,51800075400,"51,800.00",23434,23434, ,,Yes, , , , ,Yes, , , , , , ,Eye care,0,Female
"5,501",Jennifer,19:21:00,21,CO,51710007001,"51,650.00",23666,23663, , , , , , , , , , , , , , , ,45,Female
"5,512",Terrell,19:16:00,11,CO,51800075300,"51,800.00",23434,23669, ,,Yes, , , , ,Yes, , , , , , , ,30,Male
"5,520",Haley,19:29:00,12,CO,51550021006,"51,550.00",23320,23322, , , , , , , , , , , , , , , ,10,Female
"5,523",Katherine,19:31:00,17,CO,51550020805,"51,550.00",23322,23322, ,,Yes, , , , ,Yes, , ,Yes, , , , ,30,Female
"5,539",Kiara,16:31:00,11,CO,51650010400,"51,650.00",23666,23666, , , , , , , ,Yes, ,, , ,Yes, ,pap smear,0,Female
"5,548",Jennifer,17:18:00,16,CO,51710007001,"51,700.00",23608,23608, ,,Yes, , , , ,Yes,Yes, ,Yes,Yes, , , ,0,Male
"5,562",Jen,17:10:00,22,CO,51550021007,"51,550.00",23320,99999, , , , , , , ,Yes,Yes, , ,Yes,Yes, , ,0,Female
"5,572",Katherine,11:38:00,14,CO,51810044808,"51,810.00",23464,23324,Yes, ,Yes, , , , ,Yes, , , , , ,Yes, ,30,Female
"5,576",Sarah,18:15:00,17,CO,51650010103,"51,650.00",23669,23669, ,,Yes, , , , , , , , , , , , ,0,Female
"5,593",Nina,18:54:00,18,CO,51710003501,"51,710.00",23504,23507, ,,Yes, , , , ,Yes, , , , ,Yes, , ,10,Male
"5,602",Haley,20:15:00,12,CO,51710000600,"51,710.00",23503,23503,Yes, ,Yes, , ,Yes, ,Yes,Yes, , , , , , ,30,Male
"5,612",Jen,17:26:00,18,CO,51710004200,"51,810.00",23464,23464, ,,Yes, , , , ,Yes, , , , ,Yes, , ,30,Male
"5,618",Kiara,19:42:00,13,CO,51550021008,"51,550.00",23322,23322, ,,Yes, , , , ,Yes, , , , ,Yes, , ,0,Female
"5,624",Katherine,14:13:00,16,CO,51650010305,"51,650.00",23666,23605, , , , , , , ,Yes,Yes, , , , , ,Lab work,30,Female
"5,625",Katherine,11:23:00,14,CO,51550021501,"51,550.00",23321,23321,Yes, ,Yes, , , , ,Yes, , , , , , , ,0,Female
"5,629",Katherine,14:34:00,16,CO,51710007001,"51,810.00",23464,23507, , , , , , , , , ,Yes, , , , , ,25,Female
"5,633",Maryanne,16:33:00,14,CO,51550021008,"51,550.00",23322,23320, ,,Yes, , , , ,, , , , , , ,Vasular,15,Female
"5,646",Jen,16:49:00,16,CO,51710007001,"51,550.00",23320,23322, ,,Yes, , , , ,Yes,Yes, , , , , , ,15,Female
"5,671",Jerrica,17:29:00,22,CO,51710007001,"51,700.00",23606,23601, , , , , , , ,Yes, , , , ,Yes, , ,160,Female
"5,672",Jen,17:20:00,31,CO,51700031601,"51,700.00",23601,23606, ,,Yes, , , , ,Yes,Yes, , , ,Yes, ,Pacemaker installed; rare blood disorder (ITP),0,Female
"5,683",Maryanne,17:10:00,39,CO,51710007001,"51,650.00",23666,23664, , , , , , , ,Yes, , , , , , , ,15,Male
"5,690",Maryanne,17:59:00,14,CO,51710004200,"51,810.00",23464,23462, ,,Yes, , , , , , , , , ,Yes, , ,20,Female
"5,696",Kiara,18:06:00,13,CO,51710000600,"51,710.00",23503,23518, ,,Yes, , , , ,Yes, , ,Yes, , , , ,20,Male
"5,698",Sarah,17:39:00,17,CO,51810040404,"51,810.00",23462,23455, ,,Yes, , , ,x rays,Yes,, , , , , ,full lab work and chest x ray,10,Female
"5,708",Kiara,19:59:00,14,CO,51650011900,"51,650.00",23669,23663, ,,Yes, , , , , , , , , ,Yes, , ,10,Female
"5,722",Jennifer,20:19:00,15,CO,51810044808,"51,810.00",23464,23505, ,,Yes, , , , ,Yes, ,Yes, , , , , ,20,Female
"5,729",Katherine,19:10:00,14,CO,51550021008,"51,550.00",23322,23322, ,,Yes, , , , ,Yes, ,, , ,Yes, ,eye doctor,0,Female
"5,759",Jen,19:50:00,22,CO,51700031601,"51,700.00",23601,23601, , , , , , , ,Yes,Yes, , , ,Yes, , ,0,Female
"5,765",Kiara,19:12:00,13,CO,51550021006,"51,550.00",23320,23322, ,,Yes, , , , ,Yes, , , , , , , ,45,Female
"5,781",Kiara,19:38:00,18,CO,51810044808,"51,810.00",23464,23455, ,,Yes, , , , ,Yes,, , , , , ,surveillance treatment on a eye problem,0,Male
"5,784",Sarah,19:41:00,19,CO,51700032125,"51,700.00",23608,23608, ,,Yes, , , , ,, , , ,Yes, , ,back pains,5,Male
"5,793",Katherine,11:09:00,15,CO,51810044808,"51,810.00",23464,23451,Yes, ,Yes, , , , ,Yes,Yes, , , , , , ,0,Male
"5,797",Kendal,17:24:00,17,CO,51810046009,"51,810.00",23462,23455, , , , , ,Yes, ,Yes, , , , , , , ,0,Female
"5,805",Darien,18:10:00,20,CO,51740211600,"51,740.00",23704,23707, , , , , , , , , , , , , , , ,10,Female
"5,806",Geoff,13:24:00,13,CO,51810042801,"51,810.00",23452,23452, , ,Yes, ,Yes, , ,Yes, , , , ,Yes, , ,0,Male
"5,829",Katherine,12:43:00,13,CO,51550021008,"51,550.00",23322,23322, ,,Yes, , , , ,Yes, , , , ,Yes, , ,20,Male
"5,855",Katherine,12:24:00,12,CO,51810042801,"51,810.00",23452,23452, ,,Yes, , , , , , , , ,Yes, , , ,35,Male
"5,872",Kiara,16:32:00,11,CO,51800075400,"51,800.00",23434,23434,Yes, ,Yes, , , , ,, , , , , , ,mri,8,Female
"5,881",Nina,16:39:00,11,CO,51550020805,"51,550.00",23320,23322, ,,Yes, , , , ,Yes, , , , , , ,Preventative,15,Male
"5,892",Katherine,14:32:00,17,CO,51810041200,"51,810.00",23455,23455, ,,Yes, , , , ,Yes,Yes, ,Yes, , , , ,0,Female
"5,924",Kendal,16:36:00,17,CO,51710000600,"51,710.00",23503,23503,Yes,Yes,Yes,Yes, , , ,Yes, , , , , , , ,0,Female
"5,936",Brandie,17:00:00,17,CO,51700032125,"51,700.00",23608,23692, ,,Yes, , , , ,Yes,Yes, , , ,Yes, , ,10,Female
"5,964",Haley,17:29:00,16,CO,51710004200,"51,740.00",23323,23321, , , , , , , , , , , , , , , ,5,Female
"5,966",Kiara,17:29:00,19,CO,51550020801,"51,810.00",23464,23320, , , , , , , , , , ,Yes, , ,Yes, ,0,Male
"5,968",Sema'J,17:53:00,2,CO,51700031601,"51,700.00",23601,23602, , , , , , , , , , , , , , , ,30,Male
"5,992",Nina,17:28:00,18,CO,51810040404,"51,810.00",23462,23455, ,,Yes, , , , ,Yes, , , , , , , ,20,Male
"5,994",Nina,17:11:00,11,CO,51710000600,"51,710.00",23503,23503, ,Yes, , , , , ,Yes,Yes, ,Yes,Yes,Yes,Yes, ,0,Female
"6,005",Nina,17:56:00,6,CO,51700031601,"51,700.00",23606,23605, ,,Yes, , , , ,Yes,Yes, , , , , , ,7,Male
"6,016",Haley,18:04:00,13,CO,51550021200,"51,550.00",23322,23322, , ,Yes,Yes, , , ,Yes, , , , ,Yes, , ,0,Male
"6,038",Kiara,18:20:00,12,CO,51710007001,"51,700.00",23606,23606, ,,Yes, , , , ,Yes, , , , , , , ,15,Female
"6,048",Jerrica,18:54:00,35,CO,51800075400,"51,800.00",23434,23434, , ,Yes, , ,Yes, , , , , , , , , ,15,Male
"6,064",Kendal,19:12:00,9,CO,51810043001,"51,810.00",23454,23454, ,,Yes, , , , ,Yes, , , , , , , ,0,Female
"6,065",Kiara,19:14:00,13,CO,51710007001,"51,810.00",23456,23453, ,,Yes, , , , , , ,Yes, , , , , ,10,Female
"6,067",Nina,19:10:00,17,CO,51810043001,"51,810.00",23454,23454, ,,Yes,Yes, , , ,Yes, , , , , , , ,25,Female
"6,069",Sarah,17:24:00,16,CO,51710007001,"51,740.00",23323,23323, , , , , , , ,Yes, , , , , , , ,20,Male
"6,085",Kiara,16:44:00,14,CO,51700032300,"51,650.00",23666,23663, , , , , , , ,Yes, , , , , , , ,20,Female
"6,116",Nina,18:37:00,15,CO,51700031601,"51,700.00",23601,23606, , , , , , , ,Yes, , ,Yes, ,Yes, , ,45,Female
"6,120",Haley,18:19:00,16,CO,51800075400,"51,800.00",23434,23434, , ,Yes,Yes, , , ,Yes,Yes,, , , , ,shingles,35,Male
"6,140",Brandie,16:40:00,17,CO,51710001500,"51,710.00",23505,23505,Yes, ,Yes, , , , ,Yes, , , , ,Yes, , ,30,Male
"6,154",Katherine,13:58:00,12,CO,51550021006,"51,550.00",23320,23322,Yes, ,Yes, ,Yes, , ,Yes,Yes, , , ,Yes, , ,15,Male
"6,160",Kiara,13:14:00,11,CO,51710004200,"51,810.00",23464,23513, , , , , , , , , , , , , , , ,180,Female
"6,173",Brandie,17:20:00,15,CO,51710007001,"51,810.00",23456,23456,Yes, ,Yes, , , , ,Yes,Yes, , , , , , ,30,Male
"6,191",Brandie,17:50:00,15,CO,51700032221,"51,700.00",23608,23608, , , , , , , ,, , , , , , ,Surgeries (4),0,Female
"6,194",Katherine,11:00:00,18,CO,51710006100,"51,710.00",23513,23513, , , , , , , ,Yes, , , , ,Yes, , ,0,Female
"6,199",Katherine,14:38:00,14,CO,51710002400,"51,710.00",23505,23505, , , , , , , ,Yes,Yes, ,Yes,Yes, , , ,0,Male
"6,229",Brandie,18:03:00,18,CO,51810041400,"51,810.00",23455,23455, ,,Yes, , , ,Xray,Yes, , , , , , , ,10,Male
"6,230",Sema'J,14:15:00,8,CO,51550021601,"51,740.00",23703,23435, ,,Yes, , , , ,Yes, , ,Yes, , , , ,10,Male
"6,242",Kiara,18:15:00,16,CO,51810044808,"51,810.00",23464,23502, , , , , , , , , , , , ,Yes, , ,0,Female
"6,261",Maryanne,18:48:00,15,CO,51710007001,"51,810.00",23456,23455, ,,Yes, , , , ,Yes, , , , , , , ,10,Female
"6,267",Brandie,18:56:00,16,CO,51710004200,"51,810.00",23464,23505, ,,Yes, , , , , , , , , , , , ,25,Female
"6,273",Kiara,13:45:00,20,CO,51800075100,"51,800.00",23435,23321, , , , , , , , , , , , , , , ,10,Female
"6,275",Sema'J,20:04:00,29,CO,51710007001,"51,810.00",23464,23451, ,Yes, , , , , ,, , , , , , ,Back pain,0,Male
"6,281",Sema'J,19:58:00,28,CO,51710007001,"51,810.00",23464,23464, ,,Yes, , , , , , , ,Yes, , , , ,17,Female
"6,286",Kiara,14:06:00,14,CO,51550021302,"51,550.00",23323,23702, , , , , , , , , , , , ,Yes, , ,0,Male
"6,316",Kiara,18:13:00,15,CO,51800075100,"51,800.00",23435,23435, , , , , , , , , , , , ,Yes, , ,25,Female
"6,326",Darien,19:39:00,26,CO,51810043001,"51,810.00",23454,23454, ,,Yes, , , , , , , , , ,Yes, , ,0,Female
"6,327",Sarah,19:43:00,19,CO,51650010103,"51,650.00",23669,23666, ,,Yes, , , ,exposed bone issue,Yes, , , , , , , ,15,Female
"6,331",Haley,20:01:00,13,CO,51740212500,"51,740.00",23321,23707, , , , , , , ,Yes, , ,Yes, , , , ,10,Female
"6,342",Katherine,19:57:00,16,CO,51810045406,"51,810.00",23453,23453,Yes, ,Yes, ,Yes, , , , , , , , , , ,20,Male
"6,363",Latasha,19:50:00,15,CO,51710007001,"51,740.00",23323,23702,, , , , , ,Dentures,Yes, , , , ,Yes, , ,20,Male
"6,365",Jerrica,19:50:00,15,CO,51710007001,"51,810.00",23464,23464, ,,Yes, , , , ,Yes, , , , , , , ,20,Female
"6,376",Nina,19:55:00,15,CO,51710007001,"51,700.00",23606,23607, , , , , , , ,Yes,Yes, , , ,Yes, , ,0,Male
"6,381",Brandie,19:59:00,15,CO,51810045420,"51,810.00",23456,23456, ,,Yes, , , , ,Yes, , ,Yes, , , , ,0,Female
"6,383",Sarah,20:05:00,15,CO,51800075400,"51,800.00",23434,23434, ,,Yes, , , , , , , , , , , , ,30,Female
"6,390",Sarah,17:56:00,16,CO,51550021501,"51,550.00",23321,23701, ,Yes,Yes, , , , , , , ,Yes, , , , ,25,Male
"6,402",Jerrica,20:09:00,17,CO,51550021008,"51,550.00",23322,23322, , ,Yes,Yes, , , ,Yes, , , , , , , ,0,Female
"6,407",Brandie,11:15:00,22,CO,51550020600,"51,550.00",23324,23703, ,,Yes, , , , ,Yes,Yes,Yes,Yes, , , , ,25,Female
"6,414",Katherine,12:11:00,3,CO,51710005903,"51,710.00",23513,23509, ,,Yes, ,Yes, , ,Yes, , , , , , , ,2,Female
"6,415",Brandie,19:14:00,14,CO,51710000600,"51,710.00",23503,23503, ,Yes,Yes, , , , ,Yes,Yes, ,Yes,Yes, , , ,15,Male
"6,421",Haley,17:58:00,14,CO,51700030400,"51,700.00",23607,23661, ,,Yes, , , , ,Yes, , , , , , , ,30,Female
"6,448",Julian,20:12:00,15,CO,51740211600,"51,740.00",23704,23703, , , , , , , ,Yes, , , , , , , ,0,Male
"6,483",Jennifer,17:34:00,18,CO,51650010305,"51,650.00",23666,23666, ,,Yes, , , , ,Yes, , , , , , , ,20,Female
"6,486",Geoff,17:17:00,17,CO,51810041200,"51,810.00",23455,23455, ,,Yes, , , , ,Yes, , , , ,Yes, , ,20,Female
"6,505",Terrell,16:55:00,13,CO,51550020801,"51,810.00",23464,23325, ,,Yes, , , , ,Yes, , , , , , , ,15,Male
"6,539",Katherine,19:28:00,15,CO,51810042801,"51,810.00",23452,23454, ,,Yes, , , , ,, , , , , , ,Right lung pain on deep breathing and coughing.,10,Female
"6,542",Katherine,14:22:00,12,CO,51710007001,"51,740.00",23323,23321, ,,Yes, , , , ,Yes, , , ,Yes, , , ,20,Male
"6,545",Jen,16:48:00,19,CO,51550020801,"51,810.00",23464,23464, ,,Yes, , , , , , , , , , , , ,0,Female
"6,554",Jennifer,19:45:00,22,CO,51650010800,"51,650.00",23669,23669,Yes, ,Yes, , , , , ,, , , , ,Yes,arthritis and COPD,0,Female
"6,559",Sarah,19:27:00,13,CO,51800075300,"51,810.00",23462,23462, ,,Yes, , , , ,Yes, , , , , , , ,40,Female
"6,567",Kendal,19:56:00,12,CO,51710004200,"51,810.00",23464,23518, ,,Yes, , , , ,Yes, , , , , , , ,25,Female
"6,577",Katherine,11:25:00,13,CO,51710004200,"51,740.00",23323,23321,Yes, ,Yes, , , , ,Yes, , , ,Yes, , , ,0,Female
"6,587",Katherine,11:06:00,16,CO,51700031601,"51,700.00",23601,23606, , ,Yes,Yes, , , ,Yes,Yes, , , ,Yes, , ,0,Female
"6,588",Katherine,11:40:00,13,CO,51700031601,"51,700.00",23601,23606,Yes, , , , , , , , , , , , , , ,20,Male
"6,591",Nina,19:22:00,14,CO,51550020805,"51,550.00",23322,23322, ,,Yes, , , , ,Yes, ,Yes,Yes, , , , ,45,Female
"6,596",Katherine,12:45:00,15,CO,51550021200,"51,550.00",23322,23322, , , , , , , ,Yes, , ,Yes, ,Yes,Yes, ,40,Female
"6,601",Sarah,19:07:00,15,CO,51650010800,"51,650.00",23669,23664, ,,Yes, , , , ,Yes, , , , ,Yes, , ,0,Female
"6,629",Kiara,14:33:00,11,CO,51550021601,"51,740.00",23703,23320, ,,Yes,Yes, , , ,Yes,, , , , , ,medical testing,20,Female
"6,645",Kiara,16:40:00,19,CO,51710007001,"51,650.00",23666,23666, , , , , , , ,Yes,, , , , , ,heart surgery,0,Female
"6,664",Kiara,17:00:00,12,CO,51650010103,"51,650.00",23669,23669, ,,Yes, , , , , , , , , ,Yes, , ,25,Male
"6,683",Kiara,20:13:00,22,CO,51810043001,"51,810.00",23454,23451, , ,Yes,Yes, , , ,Yes, , , , ,Yes,Yes, ,0,Female
"6,689",Nina,19:53:00,17,CO,51710007001,"51,740.00",23323,23702, ,,Yes, , , , ,Yes, , , , , , , ,20,Female
"6,707",Kendal,17:48:00,17,CO,51710004200,"51,810.00",23464,23452, , , , , , , , , , , ,Yes, , , ,30,Female
"6,711",Katherine,13:52:00,15,CO,51710007001,"51,740.00",23323,23703, , ,Yes, ,Yes, , ,Yes,Yes, ,Yes, , , , ,5,Male
"6,713",Maryanne,14:03:00,16,CO,51550021008,"51,550.00",23322,23322, ,,Yes, , , , ,Yes, , , , , , , ,0,Female
"6,733",Brandie,13:56:00,16,CO,51800075400,"51,800.00",23434,23434, ,,Yes, , , , ,Yes, , ,Yes, ,Yes, , ,30,Male
"6,779",Jennifer,19:29:00,22,CO,51810044808,"51,810.00",23464,23456, ,,Yes, , , , ,Yes,Yes, ,Yes,Yes,Yes,Yes, ,40,Female
"6,818",Nina,17:03:00,15,CO,51740211600,"51,740.00",23704,23704, ,,Yes, , , , ,Yes, , , , , , , ,0,Female
"6,820",Sarah,17:07:00,15,CO,51550021402,"51,550.00",23323,23323, ,,Yes, , , , , , , , , , , , ,0,Female
"6,824",Terrell,20:14:00,11,CO,51700032300,"51,700.00",23608,23602, ,,Yes, , , , ,Yes, , , , , , , ,10,Female
"6,834",Julian,18:27:00,16,CO,51810043001,"51,810.00",23454,23454, ,,Yes,Yes, , , ,Yes,Yes,, , ,Yes, ,knee replacement surgery,20,Female
"6,845",Sarah,17:40:00,17,CO,51550021008,"51,550.00",23322,23322, ,,Yes, , , , , ,, , , ,Yes, ,Hip problems,0,Female
"6,847",Kiara,16:48:00,13,CO,51550020801,"51,810.00",23464,23464, ,,Yes, , , ,xrays,Yes, , , , , , , ,20,Male
"6,852",Kendal,17:27:00,12,CO,51550021008,"51,550.00",23322,23322, ,,Yes, , , , ,Yes, , , , ,Yes, , ,45,Male
"6,853",Maryanne,16:50:00,16,CO,51810040404,"51,810.00",23462,23462, ,,Yes, , , , , , , , , , , , ,20,Female
"6,867",Nina,17:35:00,19,CO,51550021402,"51,550.00",23323,23323,Yes, ,Yes,Yes, , , ,Yes, , , , ,Yes, , ,30,Female
"6,894",Nina,17:59:00,20,CO,51550020600,"51,550.00",23324,23324, ,,Yes, , , , ,Yes, , , , ,Yes, , ,0,Female
"6,913",Jen,17:25:00,16,CO,51710003501,"51,710.00",23504,23504,Yes, ,Yes, , , , ,Yes, , , , , , , ,20,Female
"6,924",Maryanne,17:30:00,15,CO,51810042801,"51,810.00",23452,23452, ,,Yes, , , ,Braces, ,Yes, , ,Yes, , , ,30,Female
"6,929",Sarah,17:35:00,17,CO,51810045410,"51,810.00",23456,23456,Yes, ,Yes, , , , ,Yes, , , , ,Yes, , ,45,Male
"6,959",Maryanne,17:49:00,17,CO,51650010305,"51,650.00",23666,23666, ,Yes,Yes, , , , ,Yes, , , , ,Yes, , ,15,Female
"6,966",Jerrica,19:00:00,15,CO,51740212500,"51,740.00",23321,23704, , , , , , , ,Yes, , , , , , , ,30,Female
"6,990",Sarah,19:40:00,21,CO,51710007001,"51,810.00",23456,23464, , , , , , , , , , , , , , , ,5,Male
"7,015",Nina,19:31:00,17,CO,51550020805,"51,550.00",23322,23322, ,,Yes, , , , ,Yes, , , , , , , ,40,Male
"7,033",Sarah,19:23:00,14,CO,51700032125,"51,700.00",23602,23608, , , , , , , , , , ,Yes,Yes,Yes, , ,0,Male
"7,072",Jerrica,19:57:00,17,CO,51800075500,"51,800.00",23435,23434, ,,Yes, , , , ,Yes, , , , , , , ,10,Female
"7,094",Geoff,19:00:00,25,CO,51810044002,"51,810.00",23451,23451,Yes,,Yes,Yes, , , ,Yes, , , , ,Yes, , ,0,Female
"7,117",Darien,16:46:00,23,CO,51710002400,"51,710.00",23505,23505, ,,Yes, , , , , , , , , , , , ,30,Male
"7,125",Julian,19:14:00,16,CO,51710007001,"51,810.00",23456,23456, , , , , , , , , , , , , , , ,12,Male
"7,129",Katherine,12:05:00,12,CO,51550021008,"51,550.00",23322,23322, ,,Yes, , , , , , , , , , , , ,10,Female
"7,137",Maryanne,19:05:00,13,CO,51710006100,"51,710.00",23513,23513, , , , , , , ,Yes, , , , , , , ,0,Female
"7,181",Brandie,14:29:00,16,CO,51810046009,"51,810.00",23462,23462, , , , , , , , , , , , ,Yes, , ,0,Female
"7,186",Maryanne,19:35:00,19,CO,51810046009,"51,810.00",23462,23455,Yes,Yes,Yes, , , , ,Yes,Yes, , ,Yes,Yes, , ,15,Female
"7,222",Nina,19:54:00,11,CO,51810041200,"51,810.00",23455,23455, ,, ,Yes, , , , , , , , , , , ,0,Male
"7,250",Geoff,19:55:00,16,CO,51710000600,"51,710.00",23503,23505, ,Yes,Yes, , , , ,Yes, , , , ,Yes, , ,5,Female
"7,255",Haley,19:55:00,12,CO,51700032125,"51,700.00",23602,23608,Yes,Yes, , , , , ,Yes,Yes, ,Yes, , , , ,5,Female
"7,267",Julian,19:59:00,12,CO,51700031601,"51,700.00",23601,23605, ,,Yes, , , , ,Yes, , , , , , , ,30,Male
"7,271",Julian,19:36:00,15,CO,51710007001,"51,710.00",23464,23502, ,,Yes, , , , , , , , , , , , ,35,Male
"10,023",Kendal,18:52:00,24,CO, ,"51,710.00", ,23704, , , , , , , , , , , , , , , ,22,Male
"10,065",Kiara,16:56:00,15,CO, ,"51,700.00", ,23321, , , , , , , ,, , , , , , ,scoliosis and arthritis,30,Female
"10,071",Hilary,16:53:00,7,CO, ,"51,710.00", ,23321, ,,Yes, , , , ,Yes, , , , , , , ,45,Female
"10,077",Darien,20:24:00,18,CO, ,"51,700.00", ,23464, ,,Yes, , , , , , , ,Yes, , , , ,15,Female
"10,108",Kiara,17:22:00,14,CO, ,"51,700.00", ,23434, , , , , , , ,Yes,Yes, , , , ,Yes, ,30,Male
"10,129",Latasha,18:13:00,20,CO, ,"51,710.00", ,23434, ,,Yes, , , ,twice dental exam,Yes, , , , , , , ,45,Female
"10,156",Darien,17:47:00,30,CO, ,"51,710.00", ,23456,Yes, ,Yes, , , , , ,Yes, , ,Yes, , , ,1,Female
"10,180",Kiara,18:03:00,13,CO, ,"51,710.00", ,23464, ,,Yes, , , , ,Yes, , , , , , , ,20,Male
"10,226",Darien,18:51:00,22,CO, ,"51,700.00", ,23453, ,,Yes, , , , ,Yes, , ,Yes, , , , ,20,Male
"10,251",Latasha,19:07:00,14,CO, ,"51,700.00", ,23606, ,,Yes, , , , ,Yes, ,Yes, , , , , ,35,Female
"10,276",Jerrica,18:19:00,16,CO, ,"51,710.00", ,23704, ,,Yes, , , , ,Yes, , , , , , , ,10,Female
"10,297",Caleb,17:26:00,18,CO, ,"51,710.00", ,23606, ,,Yes, , , , ,Yes, , , , , , , ,15,Female
"10,342",Darien,19:24:00,27,CO, ,"51,710.00", ,23666, , , , , , , , , , , ,Yes, , , ,30,Male
"10,351",Darien,19:52:00,18,CO, ,"51,710.00", ,23321, ,,Yes, , , , ,Yes, , , , , , , ,35,Male
"10,373",Keyona,13:51:00,16,CO, ,"51,700.00", ,23669, ,,Yes, , , , ,Yes, , ,Yes,Yes,Yes, , ,0,Female
"10,409",Latasha,18:03:00,17,CO, ,"51,710.00", ,23669, ,,Yes, , , , ,Yes, , , , , , , ,2,Female
"10,412",Kendal,19:52:00,14,CO, ,"51,700.00", ,23602, ,,Yes, , , , , , , , , , , , ,15,Male
"10,444",Tyler,16:53:00,17,CO, ,"51,710.00", ,23704, , , , , , , , , , , , , , , ,20,Male
"10,468",Sarah,17:56:00,14,CO, ,"51,700.00", ,23464,Yes, ,Yes, , , , , ,, ,Yes, , , ,flu shots,12,Female
"10,502",Kendal,20:16:00,23,CO, ,"51,710.00", ,23322, , , , , , , , , , , ,Yes, , , ,60,Female
"10,509",Caleb,17:05:00,14,CO, ,"51,710.00", ,23704, , , , , , , , , , , , , , , ,60,Male
"10,544",Julian,17:10:00,19,CO, ,"51,700.00", ,23703, ,,Yes, , , , ,Yes, , , , , , , ,20,Female
"10,595",Kiara,16:55:00,18,CO, ,"51,710.00", ,23434,Yes,,Yes,Yes, , , , , , ,Yes, ,Yes,Yes,arthritis,30,Female
"10,602",Sarah,19:57:00,19,CO, ,"51,700.00", ,23452, ,,Yes, , , , ,Yes,, , , , , ,precription refill,10,Male
"10,606",Latasha,17:49:00,20,CO, ,"51,710.00", ,23607, ,Yes,Yes, ,Yes, , ,Yes, , , , ,Yes, , ,15,Male
"10,616",Tyler,17:26:00,21,CO, ,"51,700.00", ,23436, ,,Yes, , , , , , , , , , ,Yes, ,0,Male
"10,639",Sarah,17:59:00,16,CO, ,"51,700.00", ,23701, ,Yes,Yes, , , , ,Yes, , , , , , , ,0,Female
"10,668",Sarah,16:34:00,16,CO, ,"51,710.00", ,23320, , , , , , , , , , , , , , , ,15,Male
"10,680",Kiara,18:50:00,14,CO, ,"51,710.00", ,23324, , , , , , , , , , , , , , , ,6,Male
"10,685",Sarah,20:11:00,15,CO, ,"51,710.00", ,23523, ,,Yes, , , , ,Yes, , , , , , , ,10,Female
"10,698",Kiara,19:26:00,16,CO, ,"51,710.00", ,23702, ,,Yes, , , ,xray,, , , , , , ,surgery,40,Female
"10,717",Sarah,18:45:00,17,CO, ,"51,550.00", ,23455, , , , , , , ,Yes, ,Yes, , , , , ,0,Female
"10,731",Sarah,16:40:00,22,CO, ,"51,710.00", ,23504, , , , , , , , , , , , , , , ,20,Male
"10,738",Jennifer,19:11:00,15,CO, ,"51,700.00", ,23513, ,,Yes, , , , ,Yes, , , , , , , ,30,Male
"10,769",Gabriel,18:40:00,21,CO, ,"51,710.00", ,23661, , , , , , , ,Yes, , , ,Yes,Yes, , ,0,Female
"10,772",Tyler,19:41:00,16,CO, ,"51,700.00", ,23322, ,,Yes, , , , ,Yes, , , , , , , ,15,Female
"10,776",Keyona,16:39:00,15,CO, ,"51,710.00", ,23666, , , , , , , , , , , , , , , ,5,Male
"10,781",Brandie,17:58:00,19,CO, ,"51,700.00", ,23664, ,Yes, , , , , ,Yes, , , , , , , ,0,Male
"10,809",Latasha,19:50:00,17,CO, ,"51,700.00", ,23464, ,,Yes, , , , , , , ,Yes, , , , ,8,Female
"10,811",Katherine,18:42:00,33,CO, ,"51,710.00", ,23591, , , , , , , ,Yes, ,, , ,Yes, ,eye doctor,0,Female
"10,813",Latasha,17:31:00,17,CO, ,"51,700.00", ,23454, ,,Yes, , , , ,Yes,Yes,Yes, , , , , ,25,Male
"10,822",Gabriel,18:16:00,12,CO, ,"51,710.00", ,23464, ,,Yes, , , , , , , , , , , , ,15,Male
"10,836",Sarah,19:18:00,19,CO, ,"51,710.00", ,23464, ,Yes,Yes, , , , , , , ,Yes, , , , ,45,Male
"10,840",Brandie,19:41:00,18,CO, ,"51,710.00", ,23464,Yes, ,Yes, , , , ,Yes, , , , , , , ,45,Female
"10,845",Sarah,17:35:00,28,CO, ,"51,700.00", ,23510, ,,Yes, , , , ,Yes,, , , , , ,Hurt my back,10,Male
"10,848",Kiara,17:20:00,13,CO, ,"51,700.00", ,23503,Yes, ,Yes, , , , , , , , , ,Yes, , ,7,Male
"10,869",Tyler,16:37:00,13,CO, ,"51,710.00", ,23602, ,,Yes, , , , , , , , , , , , ,10,Female
"10,881",Julian,19:58:00,10,CO, ,"51,700.00", ,23322, ,,Yes, , , , , , , ,Yes, , , , ,30,Male
"10,890",Jerrica,17:19:00,19,CO, ,"51,710.00", ,23462, ,,Yes, , , , ,Yes, , ,Yes, , , , ,30,Female
"10,900",Sarah,18:11:00,23,CO, ,"51,710.00", ,23464, ,,Yes, , , , ,Yes, , , , , , ,getting medication,0,Female
"10,958",Brandie,18:54:00,18,CO, ,"51,700.00", ,23456, ,,Yes, , , ,Xrays for preventative care, , , , , ,Yes, , ,15,Female
"10,974",Sarah,11:45:00,21,CO, ,"51,550.00", ,23607, ,,Yes, , , , , , , , , , , , ,25,Male
"10,975",Kiara,19:26:00,13,CO, ,"51,700.00", ,23323, ,,Yes, , , ,xrays,Yes, ,Yes, , , , , ,25,Female
"11,006",Caleb,17:32:00,17,CO, ,"51,700.00", ,23608, ,,Yes, , , , ,Yes, , , , , , , ,12,Female
"11,015",Keyona,13:17:00,18,CO, ,"51,710.00", ,23453,Yes, , , , , , ,Yes,Yes, ,Yes,Yes,Yes, , ,25,Female
"11,039",Kiara,18:54:00,14,CO, ,"51,700.00", ,23456, ,Yes,Yes, ,Yes, , ,Yes, , , , , , , ,5,Male
"11,065",Katherine,11:55:00,15,CO, ,"51,710.00", ,23606, ,,Yes, , , , , ,Yes, , ,Yes, , , ,30,Male
"11,069",Geoff,18:03:00,15,CO, ,"51,710.00", ,23707, ,,Yes, , , , ,Yes, , ,Yes, , , , ,30,Female
"11,073",Jennifer,19:33:00,17,CO, ,"51,710.00", ,23324, ,,Yes, , , , , , , , , , , , ,10,Male
"11,083",Nina,11:00:00,16,CO, ,"51,700.00", ,99999, ,, ,Yes, , ,General check up,Yes, , , , , , , ,10,Female
"11,114",Latasha,17:29:00,16,CO, ,"51,710.00", ,23669,Yes, ,Yes,Yes, , , ,Yes, , , , , , , ,0,Female
"11,132",Latasha,20:12:00,19,CO, ,"51,700.00", ,23453, , , , , , , , , , ,Yes, , , , ,3,Female
"11,135",Gabriel,19:44:00,19,CO, ,"51,710.00", ,23664, , , , , , , , , , , , ,Yes, , ,0,Female
"11,146",Caleb,18:14:00,14,CO, ,"51,710.00", ,23601, ,,Yes, , , , ,Yes, , , , , , , ,30,Male
"11,150",Katherine,11:19:00,19,CO, ,"51,700.00", ,23669, , , , , , , , , , , , , , , ,15,Male
"11,160",Katherine,12:18:00,17,CO, ,"51,710.00", ,23464, ,,Yes, , , , ,Yes, , ,Yes, , , , ,25,Male
"11,184",Maryanne,19:12:00,16,CO, ,"51,710.00", ,23503, ,Yes,Yes, , , , ,Yes, , ,Yes,Yes,Yes, , ,30,Female
"11,194",Sarah,17:01:00,14,CO, ,"51,710.00", ,23435, , , , , , , , , , , , , , , ,45,Male
"11,240",Darien,17:11:00,22,CO, ,"51,710.00", ,23462, , , , , , , , , , , , , , , ,20,Male
"11,247",Sarah,20:18:00,15,CO, ,"51,710.00", ,23504, ,Yes,Yes, , , , ,Yes, , , , ,Yes, , ,20,Male
"11,248",Sarah,19:15:00,19,CO, ,"51,710.00", ,23455, , , , , , , ,Yes, , , , ,Yes, , ,30,Female
"11,256",Katherine,18:55:00,15,CO, ,"51,550.00", ,23321, ,,Yes, , , , ,Yes,Yes, , , ,Yes, , ,30,Female
"11,267",Tyler,17:05:00,19,CO, ,"51,700.00", ,23608,, , , , , ,Partial tooth,Yes, , , , , , , ,0,Male
"11,272",Maryanne,19:25:00,14,CO, ,"51,710.00", ,23455, ,,Yes, , , ,Xrays,, , , , , , ,Removed a mole,15,Male
"11,278",Tyler,16:43:00,13,CO, ,"51,700.00", ,23322, ,,Yes, , , , ,Yes, , , , , , , ,0,Male
"11,282",Kiara,16:53:00,17,CO, ,"51,710.00", ,23509, , , , , , , ,Yes, , , , , , , ,30,Male
"11,347",Jerrica,17:32:00,16,CO, ,"51,710.00", ,23707,, , , , , ,Cavity filled, , , , , , , , ,5,Male
"11,350",Jerrica,16:31:00,24,CO, ,"51,710.00", ,23451, ,,Yes, , , , , , , , , , , , ,45,Female
"11,374",Jerrica,19:33:00,15,CO, ,"51,710.00", ,23703, ,,Yes, , , , ,Yes, , , , , , , ,,Male
"11,378",Geoff,20:01:00,18,CO, ,"51,710.00", ,23606, , , , , , , ,Yes, , , , , , , ,45,Male
"11,445",Sarah,18:43:00,31,CO, ,"51,710.00", ,23661, ,,Yes, , , , , , , , , ,Yes, , ,20,Female
"11,463",Sarah,17:55:00,16,CO, ,"51,700.00", ,23601, ,, ,Yes, , , ,, , , ,Yes, , ,Hip Replacement,15,Female
"11,479",Terrell,12:10:00,15,CO, ,"51,710.00", ,23701, ,,Yes, , , , , , , , , , , , ,15,Female
"11,490",Kiara,16:35:00,20,CO, ,"51,700.00", ,23707, , , , , , , ,Yes, , , , , , , ,0,Female
"11,491",Keyona,17:13:00,18,CO, ,"51,700.00", ,23320, ,,Yes, , , , ,Yes, , , , , , , ,15,Female
"11,511",Sarah,17:35:00,13,CO, ,"51,710.00", ,23456, ,,Yes, , , , ,, , , , , , ,antibotics for broncitis,7,Male
"11,529",Jerrica,18:59:00,22,CO, ,"51,700.00", ,23504, , , , , , , ,Yes, , ,Yes,Yes,Yes, , ,10,Female
"11,532",Kendal,19:17:00,17,CO, ,"51,710.00", ,23518,Yes, ,Yes, , , , , , , , ,Yes, , , ,15,Male
"11,547",Jerrica,19:59:00,32,CO, ,"51,550.00", ,99999, ,,Yes, , , ,"Pulled Teeth, Cavities",Yes, , , , , , , ,15,Female
"11,556",Sarah,19:08:00,16,CO, ,"51,700.00", ,23452, ,,Yes, , , , , , , , , , , , ,25,Male
"11,559",Katherine,11:23:00,15,CO, ,"51,700.00", ,23322, , , , , , , , , , , , , , , ,0,Female
"11,582",Kiara,17:25:00,16,CO, ,"51,700.00", ,23661, ,,Yes, , , , , ,Yes, ,Yes,Yes, , , ,25,Male
"11,598",Sarah,16:34:00,15,CO, ,"51,710.00", ,23601, , , , , , , ,Yes, ,Yes, , , , , ,10,Female
"11,626",Geoff,17:28:00,28,CO, ,"51,710.00", ,23434, , , , , , , , , , , , , , , ,30,Female
"11,629",Haley,17:00:00,17,CO, ,"51,710.00", ,23456,Yes, ,Yes, , , , ,Yes, , ,Yes,Yes,Yes, ,tumor,8,Female
"11,642",Maryanne,19:12:00,13,CO, ,"51,700.00", ,23322, ,,Yes, , , , ,Yes, , , , , , , ,45,Male
"11,647",Julian,19:42:00,16,CO, ,"51,710.00", ,23511, ,,Yes, , , , ,Yes, , , , , , , ,5,Male
"11,651",Darien,18:39:00,20,CO, ,"51,710.00", ,23518, ,,Yes, , , , ,Yes, , , , , , , ,20,Female
"11,660",Nina,19:02:00,27,CO, ,"51,700.00", ,23452, ,,Yes, , , ,Tooth removed,Yes,Yes, ,Yes,Yes,Yes, , ,15,Male
"11,671",Gabriel,18:39:00,17,CO, ,"51,710.00", ,23701, ,Yes, , , , , , , , , , , , , ,20,Female
"11,705",Latasha,13:27:00,16,CO, ,"51,710.00", ,23455, ,,Yes, , , , ,Yes,Yes, ,Yes,Yes,Yes,Yes, ,0,Male
"11,714",Jerrica,16:42:00,18,CO, ,"51,710.00", ,23606, , , , , , , , , , , , ,Yes, , ,45,Male
"11,770",Latasha,16:44:00,15,CO, ,"51,710.00", ,23663, , , , , , , ,Yes, , ,Yes, , , , ,9,Female
"11,781",Sarah,19:49:00,18,CO, ,"51,700.00", ,23602, , , , , , , , , , ,Yes, , , , ,15,Female
"11,802",Jerrica,17:19:00,20,CO, ,"51,710.00", ,23513, ,,Yes, , , , , , , , , ,Yes, , ,75,Female
"11,819",Jennifer,18:48:00,25,CO, ,"51,700.00", ,23602, , ,Yes, , ,Yes, ,Yes,Yes, ,, ,Yes, ,cancer,0,Male
"11,822",Latasha,13:50:00,17,CO, ,"51,710.00", ,23502,Yes,Yes,Yes,Yes,Yes,Yes,Surgery,Yes, , , , , , , ,3,Female
"11,829",Nina,20:08:00,19,CO, ,"51,550.00", ,23456, , , , , , , ,Yes, , , , , , , ,15,Female
"11,843",Nina,19:17:00,21,CO, ,"51,700.00", ,23462, , , , , , , ,Yes, , , , ,Yes, , ,20,Female
"11,857",Sarah,20:15:00,25,CO, ,"51,710.00", ,23503, ,,Yes, , , , ,Yes, , , , , , , ,30,Male
"11,870",Jerrica,17:41:00,27,CO, ,"51,700.00", ,23669,Yes, ,Yes, , , , ,Yes, , ,Yes, , , , ,15,Female
"11,889",Sarah,17:05:00,20,CO, ,"51,700.00", ,23502, ,,Yes, , , ,invisline, , , , , , , , ,,Male
"11,899",Nina,19:07:00,16,CO, ,"51,710.00", ,23518, ,,Yes, , , , ,Yes,, , , ,Yes, ,Surgery on my foot,12,Female
"11,962",Jerrica,16:52:00,19,CO, ,"51,710.00", ,23608, , , , , , , , , , ,Yes, , , , ,30,Male
"11,975",Sarah,19:08:00,16,CO, ,"51,710.00", ,23603, ,,Yes, , , ,x-rays and invisaline,Yes, ,, , , , ,"Gastro for up end oscopee and ovarian procedire,Yes",120,Female
"11,991",Darien,18:04:00,24,CO, ,"51,700.00", ,23507, ,,Yes, , , , ,Yes, , , , , , , ,30,Female
